prd_cd,combo,qty,selections,procs,ok,base_amount,final_price,component_cnt,components,discounts,discount_cnt,warnings,errors,captured_at_utc
PRD_000052,기본,8,mat_cd=MAT_000584; print_opt_cd=POPT_000001; siz_cd=SIZ_000426,PROC_000122 PROC_000004,True,45600,45600,1,COMP_STK_PRINT=None,,0,,,2026-09-02T16:31:04+00:00
PRD_000052,변형(siz_cd),8,mat_cd=MAT_000584; print_opt_cd=POPT_000001; siz_cd=SIZ_000057,PROC_000122 PROC_000004,True,50400,50400,1,COMP_STK_PRINT=None,,0,,,2026-09-02T16:31:04+00:00
PRD_000053,기본,8,mat_cd=MAT_000371; print_opt_cd=POPT_000001; siz_cd=SIZ_000057,PROC_000122 PROC_000004,True,58400,58400,1,COMP_STK_PRINT=None,,0,,,2026-09-02T16:31:04+00:00
PRD_000053,변형(siz_cd),8,mat_cd=MAT_000371; print_opt_cd=POPT_000001; siz_cd=SIZ_000426,PROC_000122 PROC_000004,True,53600,53600,1,COMP_STK_PRINT=None,,0,,,2026-09-02T16:31:04+00:00
PRD_000054,기본,8,mat_cd=MAT_000590; print_opt_cd=POPT_000001; siz_cd=SIZ_000426,PROC_000122 PROC_000004,True,53600,53600,1,COMP_STK_PRINT=None,,0,,,2026-09-02T16:31:04+00:00
PRD_000054,변형(siz_cd),8,mat_cd=MAT_000590; print_opt_cd=POPT_000001; siz_cd=SIZ_000057,PROC_000122 PROC_000004,True,58400,58400,1,COMP_STK_PRINT=None,,0,,,2026-09-02T16:31:04+00:00
PRD_000055,기본,1,mat_cd=MAT_000593; print_opt_cd=POPT_000001; siz_cd=SIZ_000315,PROC_000123 PROC_000116 PROC_000006,True,8000,8000,1,STK_CUT_PRINT=None,,0,,,2026-09-02T16:31:04+00:00
PRD_000055,변형(siz_cd),1,mat_cd=MAT_000593; print_opt_cd=POPT_000001; siz_cd=SIZ_000258,PROC_000123 PROC_000116 PROC_000006,True,4000,4000,1,STK_CUT_PRINT=None,,0,,,2026-09-02T16:31:04+00:00
PRD_000056,기본,1,mat_cd=MAT_000592; print_opt_cd=POPT_000001; siz_cd=SIZ_000258,PROC_000109,True,7000,7000,1,STK_CUT_CLEAR_PRINT=None,,0,,,2026-09-02T16:31:04+00:00
PRD_000056,변형(siz_cd),1,mat_cd=MAT_000592; print_opt_cd=POPT_000001; siz_cd=SIZ_000315,PROC_000109,True,14000,14000,1,STK_CUT_CLEAR_PRINT=None,,0,,,2026-09-02T16:31:04+00:00
PRD_000057,기본,1,mat_cd=MAT_000593; print_opt_cd=POPT_000001; siz_cd=SIZ_000199,PROC_000123 PROC_000006 PROC_000116,True,16000,16000,1,STK_CUT_LARGE_PRINT=None,,0,,,2026-09-02T16:31:04+00:00
PRD_000057,변형(수량),2,mat_cd=MAT_000593; print_opt_cd=POPT_000001; siz_cd=SIZ_000199,PROC_000123 PROC_000006 PROC_000116,True,32000,32000,1,STK_CUT_LARGE_PRINT=None,,0,,,2026-09-02T16:31:04+00:00
PRD_000058,기본,4,mat_cd=MAT_000584; print_opt_cd=POPT_000001; siz_cd=SIZ_000426,PROC_000004,True,23200,23200,1,STK_KISSCUT_PRINT=None,,0,,,2026-09-02T16:31:04+00:00
PRD_000058,변형(mat_cd),4,mat_cd=MAT_000611; print_opt_cd=POPT_000001; siz_cd=SIZ_000426,PROC_000004,True,23200,23200,1,STK_KISSCUT_PRINT=None,,0,,,2026-09-02T16:31:04+00:00
PRD_000059,기본,4,mat_cd=MAT_000585; print_opt_cd=POPT_000001; siz_cd=SIZ_000426,PROC_000122,True,27200,27200,1,STK_KISSCUT_PRINT=None,,0,,,2026-09-02T16:31:04+00:00
PRD_000059,변형(mat_cd),4,mat_cd=MAT_000609; print_opt_cd=POPT_000001; siz_cd=SIZ_000426,PROC_000122,True,23200,23200,1,STK_KISSCUT_PRINT=None,,0,,,2026-09-02T16:31:04+00:00
PRD_000060,기본,4,mat_cd=MAT_000585; print_opt_cd=POPT_000001; siz_cd=SIZ_000426,PROC_000122 PROC_000004,True,27200,27200,1,STK_KISSCUT_PRINT=None,,0,,,2026-09-02T16:31:04+00:00
PRD_000060,변형(mat_cd),4,mat_cd=MAT_000609; print_opt_cd=POPT_000001; siz_cd=SIZ_000426,PROC_000122 PROC_000004,True,23200,23200,1,STK_KISSCUT_PRINT=None,,0,,,2026-09-02T16:31:04+00:00
PRD_000061,기본,4,mat_cd=MAT_000585; print_opt_cd=POPT_000001; siz_cd=SIZ_000426,PROC_000004 PROC_000122,True,27200,27200,1,STK_KISSCUT_PRINT=None,,0,,,2026-09-02T16:31:04+00:00
PRD_000061,변형(mat_cd),4,mat_cd=MAT_000609; print_opt_cd=POPT_000001; siz_cd=SIZ_000426,PROC_000004 PROC_000122,True,23200,23200,1,STK_KISSCUT_PRINT=None,,0,,,2026-09-02T16:31:04+00:00
PRD_000062,기본,8,mat_cd=MAT_000584; print_opt_cd=POPT_000001; siz_cd=SIZ_000060,PROC_000004 PROC_000122,True,46400,46400,1,COMP_STK_PRINT=None,,0,,,2026-09-02T16:31:04+00:00
PRD_000062,변형(siz_cd),8,mat_cd=MAT_000584; print_opt_cd=POPT_000001; siz_cd=SIZ_000059,PROC_000004 PROC_000122,True,45600,45600,1,COMP_STK_PRINT=None,,0,,,2026-09-02T16:31:04+00:00
PRD_000063,기본,8,mat_cd=MAT_000371; print_opt_cd=POPT_000001; siz_cd=SIZ_000060,PROC_000122,True,54400,54400,1,COMP_STK_PRINT=None,,0,,,2026-09-02T16:31:04+00:00
PRD_000063,변형(siz_cd),8,mat_cd=MAT_000371; print_opt_cd=POPT_000001; siz_cd=SIZ_000059,PROC_000122,True,53600,53600,1,COMP_STK_PRINT=None,,0,,,2026-09-02T16:31:04+00:00
PRD_000067,기본·최소수량3,3,bdl_qty=3; mat_cd=MAT_000594; print_opt_cd=POPT_000001; siz_cd=SIZ_000612,PROC_000110,True,6000,6000,1,COMP_STK_TATTOO=None,,0,,,2026-09-02T16:31:04+00:00
PRD_000067,변형(수량)·최소수량3,3,bdl_qty=3; mat_cd=MAT_000594; print_opt_cd=POPT_000001; siz_cd=SIZ_000612,PROC_000110,True,6000,6000,1,COMP_STK_TATTOO=None,,0,,,2026-09-02T16:31:04+00:00
PRD_000118,기본,1,mat_cd=MAT_000599; siz_cd=SIZ_000315; siz_height=200.0; siz_width=200.0,PROC_000006,True,12000,12000,1,COMP_POSTER_ARTPRINT_PHOTO=None,,0,,,2026-09-02T16:31:04+00:00
PRD_000118,변형(siz_cd),1,mat_cd=MAT_000599; siz_cd=SIZ_000198; siz_height=200.0; siz_width=200.0,PROC_000006,True,12000,12000,1,COMP_POSTER_ARTPRINT_PHOTO=None,,0,,,2026-09-02T16:31:04+00:00
PRD_000119,기본,1,mat_cd=MAT_000177; siz_cd=SIZ_000315; siz_height=200.0; siz_width=200.0,PROC_000006,True,12000,12000,1,POSTER_PAPER_PRINT=None,,0,,,2026-09-02T16:31:04+00:00
PRD_000119,변형(siz_cd),1,mat_cd=MAT_000177; siz_cd=SIZ_000198; siz_height=200.0; siz_width=200.0,PROC_000006,True,12000,12000,1,POSTER_PAPER_PRINT=None,,0,,,2026-09-02T16:31:04+00:00
PRD_000120,기본,1,mat_cd=MAT_000178; siz_cd=SIZ_000315; siz_height=200.0; siz_width=200.0,PROC_000006,True,12000,12000,1,COMP_POSTER_ARTPRINT_PHOTO=None,,0,,,2026-09-02T16:31:04+00:00
PRD_000120,변형(siz_cd),1,mat_cd=MAT_000178; siz_cd=SIZ_000198; siz_height=200.0; siz_width=200.0,PROC_000006,True,12000,12000,1,COMP_POSTER_ARTPRINT_PHOTO=None,,0,,,2026-09-02T16:31:04+00:00
PRD_000121,기본,1,mat_cd=MAT_000179; siz_cd=SIZ_000315; siz_height=200.0; siz_width=200.0,PROC_000006,True,12000,12000,1,COMP_POSTER_ARTPRINT_PHOTO=None,,0,,,2026-09-02T16:31:04+00:00
PRD_000121,변형(siz_cd),1,mat_cd=MAT_000179; siz_cd=SIZ_000198; siz_height=200.0; siz_width=200.0,PROC_000006,True,12000,12000,1,COMP_POSTER_ARTPRINT_PHOTO=None,,0,,,2026-09-02T16:31:04+00:00
PRD_000122,기본,1,mat_cd=MAT_000180; siz_cd=SIZ_000315; siz_height=200.0; siz_width=200.0,PROC_000109,True,16000,16000,1,POSTER_CLEARPVC_PRINT=None,,0,,,2026-09-02T16:31:04+00:00
PRD_000122,변형(siz_cd),1,mat_cd=MAT_000180; siz_cd=SIZ_000198; siz_height=200.0; siz_width=200.0,PROC_000109,True,16000,16000,1,POSTER_CLEARPVC_PRINT=None,,0,,,2026-09-02T16:31:04+00:00
PRD_000123,기본,1,mat_cd=MAT_000181; siz_cd=SIZ_000315; siz_height=200.0; siz_width=200.0,PROC_000006,True,12000,12000,1,COMP_POSTER_ARTPRINT_PHOTO=None,,0,,,2026-09-02T16:31:04+00:00
PRD_000123,변형(siz_cd),1,mat_cd=MAT_000181; siz_cd=SIZ_000198; siz_height=200.0; siz_width=200.0,PROC_000006,True,12000,12000,1,COMP_POSTER_ARTPRINT_PHOTO=None,,0,,,2026-09-02T16:31:04+00:00
PRD_000124,기본,1,mat_cd=MAT_000607; opt_cd=OPV_000025; siz_cd=SIZ_000542; siz_height=200.0; siz_width=200.0,PROC_000130,True,17000,17000,2,POSTER_LINEN_PRINT=None; POSTER_LINEN_FINISHING=None,,0,,,2026-09-02T16:31:04+00:00
PRD_000124,변형(opt_cd),1,mat_cd=MAT_000607; opt_cd=OPV_000026; siz_cd=SIZ_000542; siz_height=200.0; siz_width=200.0,PROC_000130,True,18000,18000,2,POSTER_LINEN_PRINT=None; POSTER_LINEN_FINISHING=None,,0,,,2026-09-02T16:31:04+00:00
PRD_000125,기본,1,mat_cd=MAT_000185; siz_cd=SIZ_000542; siz_height=200.0; siz_width=200.0,PROC_000130 PROC_000108,True,19000,19000,1,COMP_POSTER_CANVAS_FABRIC=None,,0,,,2026-09-02T16:31:04+00:00
PRD_000125,변형(siz_cd),1,mat_cd=MAT_000185; siz_cd=SIZ_000544; siz_height=200.0; siz_width=200.0,PROC_000130 PROC_000108,True,19000,19000,1,COMP_POSTER_CANVAS_FABRIC=None,,0,,,2026-09-02T16:31:04+00:00
PRD_000126,기본,1,mat_cd=MAT_000379; siz_cd=SIZ_000315; siz_height=200.0; siz_width=200.0,PROC_000108,True,19000,19000,1,COMP_POSTER_CANVAS_FABRIC=None,,0,,,2026-09-02T16:31:04+00:00
PRD_000126,변형(siz_cd),1,mat_cd=MAT_000379; siz_cd=SIZ_000198; siz_height=200.0; siz_width=200.0,PROC_000108,True,19000,19000,1,COMP_POSTER_CANVAS_FABRIC=None,,0,,,2026-09-02T16:31:04+00:00
PRD_000127,기본,1,mat_cd=MAT_000381; siz_cd=SIZ_000315; siz_height=200.0; siz_width=200.0,PROC_000108,True,19000,19000,1,COMP_POSTER_CANVAS_FABRIC=None,,0,,,2026-09-02T16:31:04+00:00
PRD_000127,변형(mat_cd),1,mat_cd=MAT_000373; siz_cd=SIZ_000315; siz_height=200.0; siz_width=200.0,PROC_000108,True,19000,19000,1,COMP_POSTER_CANVAS_FABRIC=None,,0,,,2026-09-02T16:31:04+00:00
PRD_000128,기본,1,mat_cd=MAT_000183; siz_cd=SIZ_000315; siz_height=200.0; siz_width=200.0,PROC_000108,True,19000,19000,1,COMP_POSTER_CANVAS_FABRIC=None,,0,,,2026-09-02T16:31:04+00:00
PRD_000128,변형(siz_cd),1,mat_cd=MAT_000183; siz_cd=SIZ_000198; siz_height=200.0; siz_width=200.0,PROC_000108,True,19000,19000,1,COMP_POSTER_CANVAS_FABRIC=None,,0,,,2026-09-02T16:31:04+00:00
PRD_000129,기본,1,mat_cd=MAT_000599; opt_cd=OPV_000991; siz_cd=SIZ_000315,PROC_000006,True,7000,7000,1,POSTER_FORMBOARD_PRINT=None,,0,,,2026-09-02T16:31:04+00:00
PRD_000129,변형(siz_cd),1,mat_cd=MAT_000599; opt_cd=OPV_000991; siz_cd=SIZ_000198,PROC_000006,True,12000,12000,1,POSTER_FORMBOARD_PRINT=None,,0,,,2026-09-02T16:31:04+00:00
PRD_000130,기본,1,mat_cd=MAT_000593; opt_cd=OPV_000993; siz_cd=SIZ_000175,PROC_000006,True,8500,8500,1,POSTER_FOAMEX_PRINT=None,,0,,,2026-09-02T16:31:04+00:00
PRD_000130,변형(siz_cd),1,mat_cd=MAT_000593; opt_cd=OPV_000993; siz_cd=SIZ_000197,PROC_000006,True,13000,13000,1,POSTER_FOAMEX_PRINT=None,,0,,,2026-09-02T16:31:04+00:00
PRD_000131,기본,1,mat_cd=MAT_000599; siz_cd=SIZ_000175,PROC_000006,True,16000,16000,1,POSTER_WOODPANEL_PRINT=None,,0,,,2026-09-02T16:31:04+00:00
PRD_000131,변형(siz_cd),1,mat_cd=MAT_000599; siz_cd=SIZ_000197,PROC_000006,True,23000,23000,1,POSTER_WOODPANEL_PRINT=None,,0,,,2026-09-02T16:31:04+00:00
PRD_000132,기본,1,mat_cd=MAT_000379; siz_cd=SIZ_000304,PROC_000006,True,9000,9000,1,POSTER_LEATHERPANEL_PRINT=None,,0,,,2026-09-02T16:31:04+00:00
PRD_000132,변형(siz_cd),1,mat_cd=MAT_000379; siz_cd=SIZ_000306,PROC_000006,True,10000,10000,1,POSTER_LEATHERPANEL_PRINT=None,,0,,,2026-09-02T16:31:04+00:00
PRD_000133,기본,1,mat_cd=MAT_000185; opt_cd=OPV_000995; siz_cd=SIZ_000258,PROC_000108,True,22000,22000,2,POSTER_HANGINGCANVAS_ADDON=None; POSTER_HANGINGCANVAS_PRINT=None,,0,,,2026-09-02T16:31:04+00:00
PRD_000133,변형(siz_cd),1,mat_cd=MAT_000185; opt_cd=OPV_000995; siz_cd=SIZ_000315,PROC_000108,True,28500,28500,2,POSTER_HANGINGCANVAS_ADDON=None; POSTER_HANGINGCANVAS_PRINT=None,,0,,,2026-09-02T16:31:04+00:00
PRD_000134,기본,1,mat_cd=MAT_000607; opt_cd=OPV_000953; siz_cd=SIZ_000314,PROC_000130,True,13000,13000,2,POSTER_HANGINGLINEN_PRINT=None; POSTER_HANGINGLINEN_ADDON=None,,0,,,2026-09-02T16:31:04+00:00
PRD_000134,변형(siz_cd),1,mat_cd=MAT_000607; opt_cd=OPV_000953; siz_cd=SIZ_000316,PROC_000130,True,18000,18000,2,POSTER_HANGINGLINEN_PRINT=None; POSTER_HANGINGLINEN_ADDON=None,,0,,,2026-09-02T16:31:04+00:00
PRD_000135,기본,1,mat_cd=MAT_000178; siz_cd=SIZ_000315,PROC_000006,True,13000,13000,1,POSTER_HANGINGSCROLL_PRINT=None,,0,,,2026-09-02T16:31:04+00:00
PRD_000135,변형(siz_cd),1,mat_cd=MAT_000178; siz_cd=SIZ_000198,PROC_000006,True,15000,15000,1,POSTER_HANGINGSCROLL_PRINT=None,,0,,,2026-09-02T16:31:04+00:00
PRD_000136,기본,1,mat_cd=MAT_000601; siz_cd=SIZ_000321,PROC_000006,True,22000,22000,1,POSTER_PETBANNER_PRINT=None,,0,,,2026-09-02T16:31:04+00:00
PRD_000136,변형(수량),2,mat_cd=MAT_000601; siz_cd=SIZ_000321,PROC_000006,True,44000,44000,1,POSTER_PETBANNER_PRINT=None,,0,,,2026-09-02T16:31:04+00:00
PRD_000137,기본,1,mat_cd=MAT_000183; siz_cd=SIZ_000321,PROC_000108,True,38000,38000,1,POSTER_MESHBANNER_PRINT=None,,0,,,2026-09-02T16:31:04+00:00
PRD_000137,변형(수량),2,mat_cd=MAT_000183; siz_cd=SIZ_000321,PROC_000108,True,76000,76000,1,POSTER_MESHBANNER_PRINT=None,,0,,,2026-09-02T16:31:04+00:00
PRD_000138,기본,1,mat_cd=MAT_000605; opt_cd=OPV_000006; siz_cd=SIZ_000322; siz_height=500.0; siz_width=500.0,,True,11000,11000,3,POSTER_PLACARD_PRINT=None; POSTER_PLACARD_FINISHING=None; POSTER_PLACARD_ADDON=None,,0,,,2026-09-02T16:31:04+00:00
PRD_000138,변형(opt_cd),1,mat_cd=MAT_000605; opt_cd=OPV_000007; siz_cd=SIZ_000322; siz_height=500.0; siz_width=500.0,,True,11000,11000,3,POSTER_PLACARD_PRINT=None; POSTER_PLACARD_FINISHING=None; POSTER_PLACARD_ADDON=None,,0,,,2026-09-02T16:31:04+00:00
PRD_000139,기본,1,mat_cd=MAT_000183; opt_cd=OPV_001000; siz_cd=SIZ_000323; siz_height=500.0; siz_width=500.0,PROC_000108,True,20000,20000,3,COMP_BANNER_MESH_ADDON=None; COMP_BANNER_MESH_OPTION=None; POSTER_MESHPLACARD_PRINT=None,,0,,,2026-09-02T16:31:04+00:00
PRD_000139,변형(opt_cd),1,mat_cd=MAT_000183; opt_cd=OPV_001001; siz_cd=SIZ_000323; siz_height=500.0; siz_width=500.0,PROC_000108,True,23000,23000,3,COMP_BANNER_MESH_ADDON=None; COMP_BANNER_MESH_OPTION=None; POSTER_MESHPLACARD_PRINT=None,,0,,,2026-09-02T16:31:04+00:00
PRD_000140,기본,1,mat_cd=MAT_000389; siz_cd=SIZ_000258,PROC_000125,True,6000,6000,1,POSTER_SHEETCUT_FINAL=None,,0,,,2026-09-02T16:31:04+00:00
PRD_000140,변형(siz_cd),1,mat_cd=MAT_000389; siz_cd=SIZ_000315,PROC_000125,True,11000,11000,1,POSTER_SHEETCUT_FINAL=None,,0,,,2026-09-02T16:31:04+00:00
PRD_000141,기본,1,mat_cd=MAT_000390; siz_cd=SIZ_000258,PROC_000125,True,8000,8000,1,POSTER_SHEETCUT_FINAL=None,,0,,,2026-09-02T16:31:04+00:00
PRD_000141,변형(siz_cd),1,mat_cd=MAT_000390; siz_cd=SIZ_000315,PROC_000125,True,16000,16000,1,POSTER_SHEETCUT_FINAL=None,,0,,,2026-09-02T16:31:04+00:00
PRD_000142,기본,1,mat_cd=MAT_000376; siz_cd=SIZ_000324,PROC_000124,True,9000,9000,1,POSTER_ACRYLICSTICKER_FINAL=None,,0,,,2026-09-02T16:31:04+00:00
PRD_000142,변형(siz_cd),1,mat_cd=MAT_000376; siz_cd=SIZ_000325,PROC_000124,True,14000,14000,1,POSTER_ACRYLICSTICKER_FINAL=None,,0,,,2026-09-02T16:31:04+00:00
PRD_000142,할인구간(300),300,mat_cd=MAT_000376; siz_cd=SIZ_000324,PROC_000124,True,2700000,2700000,1,POSTER_ACRYLICSTICKER_FINAL=None,,0,,,2026-09-02T16:31:04+00:00
PRD_000143,기본,1,mat_cd=MAT_000377; siz_cd=SIZ_000324,PROC_000124,True,11000,11000,1,POSTER_ACRYLICSTICKER_FINAL=None,,0,,,2026-09-02T16:31:04+00:00
PRD_000143,변형(siz_cd),1,mat_cd=MAT_000377; siz_cd=SIZ_000325,PROC_000124,True,18000,18000,1,POSTER_ACRYLICSTICKER_FINAL=None,,0,,,2026-09-02T16:31:04+00:00
PRD_000143,할인구간(300),300,mat_cd=MAT_000377; siz_cd=SIZ_000324,PROC_000124,True,3300000,3300000,1,POSTER_ACRYLICSTICKER_FINAL=None,,0,,,2026-09-02T16:31:04+00:00
PRD_000144,기본,1,siz_cd=SIZ_000426,,True,3500,3500,1,POSTER_MINIBOARD_FINAL=None,,0,,,2026-09-02T16:31:04+00:00
PRD_000144,변형(siz_cd),1,siz_cd=SIZ_000258,,True,4500,4500,1,POSTER_MINIBOARD_FINAL=None,,0,,,2026-09-02T16:31:04+00:00
PRD_000145,기본,1,mat_cd=MAT_000178; siz_cd=SIZ_000028,PROC_000006,True,6500,6500,1,POSTER_MINIBANNER_FINAL=None,,0,,,2026-09-02T16:31:04+00:00
PRD_000145,변형(siz_cd),1,mat_cd=MAT_000178; siz_cd=SIZ_000328,PROC_000006,True,6500,6500,1,POSTER_MINIBANNER_FINAL=None,,0,,,2026-09-02T16:31:04+00:00
PRD_000146,기본,1,mat_cd=MAT_000386; opt_cd=OPV_000624; print_opt_cd=POPT_000006; siz_cd=SIZ_000329; siz_height=20.0; siz_width=20.0,PROC_000111 PROC_000151 PROC_000124,True,2500,2500,2,ACRYLIC_CLEAR3T_PRINT=None; ACRYLIC_TOTAL_FINISHING=None,,0,,,2026-09-02T16:31:04+00:00
PRD_000146,변형(opt_cd),1,mat_cd=MAT_000386; opt_cd=OPV_000625; print_opt_cd=POPT_000006; siz_cd=SIZ_000329; siz_height=20.0; siz_width=20.0,PROC_000111 PROC_000151 PROC_000124,True,3600,3600,2,ACRYLIC_CLEAR3T_PRINT=None; ACRYLIC_TOTAL_FINISHING=None,,0,,,2026-09-02T16:31:04+00:00
PRD_000146,할인구간(300),300,mat_cd=MAT_000386; opt_cd=OPV_000624; print_opt_cd=POPT_000006; siz_cd=SIZ_000329; siz_height=20.0; siz_width=20.0,PROC_000111 PROC_000151 PROC_000124,True,750000,525000,2,ACRYLIC_CLEAR3T_PRINT=None; ACRYLIC_TOTAL_FINISHING=None,component[아크릴_투명3T_출력가 할인 (아크릴 카테고리 수량별 구간할인)] rate=30.00 750000→525000.00 할인=225000.00,1,,,2026-09-02T16:31:04+00:00
PRD_000147,기본,1,mat_cd=MAT_000386; opt_cd=OPV_001020; print_opt_cd=POPT_000007; siz_cd=SIZ_000336; siz_height=20.0; siz_width=20.0,PROC_000111,True,3300,3300,2,ACRYLIC_CLEAR3T_PRINT=None; ACRYLIC_TOTAL_FINISHING=None,quantity[수량구간 할인 (아크릴 카테고리 수량별 구간할인)] rate=0.00 3300→3300.00 할인=0.00,1,,,2026-09-02T16:31:04+00:00
PRD_000147,변형(siz_cd),1,mat_cd=MAT_000386; opt_cd=OPV_001020; print_opt_cd=POPT_000007; siz_cd=SIZ_000216; siz_height=20.0; siz_width=20.0,PROC_000111,True,3300,3300,2,ACRYLIC_CLEAR3T_PRINT=None; ACRYLIC_TOTAL_FINISHING=None,quantity[수량구간 할인 (아크릴 카테고리 수량별 구간할인)] rate=0.00 3300→3300.00 할인=0.00,1,,,2026-09-02T16:31:04+00:00
PRD_000147,할인구간(300),300,mat_cd=MAT_000386; opt_cd=OPV_001020; print_opt_cd=POPT_000007; siz_cd=SIZ_000336; siz_height=20.0; siz_width=20.0,PROC_000111,True,990000,693000,2,ACRYLIC_CLEAR3T_PRINT=None; ACRYLIC_TOTAL_FINISHING=None,quantity[수량구간 할인 (아크릴 카테고리 수량별 구간할인)] rate=30.00 990000→693000.00 할인=297000.00,1,,,2026-09-02T16:31:04+00:00
PRD_000148,기본,1,mat_cd=MAT_000386; opt_cd=OPV_001021; print_opt_cd=POPT_000007; siz_cd=SIZ_000216; siz_height=30.0; siz_width=30.0,PROC_000111 PROC_000124 PROC_000151,True,3700,3700,2,ACRYLIC_CLEAR3T_PRINT=None; ACRYLIC_TOTAL_FINISHING=None,quantity[수량구간 할인 (아크릴 카테고리 수량별 구간할인)] rate=0.00 3700→3700.00 할인=0.00,1,,,2026-09-02T16:31:04+00:00
PRD_000148,변형(opt_cd),1,mat_cd=MAT_000386; opt_cd=OPV_001022; print_opt_cd=POPT_000007; siz_cd=SIZ_000216; siz_height=30.0; siz_width=30.0,PROC_000111 PROC_000124 PROC_000151,True,4100,4100,2,ACRYLIC_CLEAR3T_PRINT=None; ACRYLIC_TOTAL_FINISHING=None,quantity[수량구간 할인 (아크릴 카테고리 수량별 구간할인)] rate=0.00 4100→4100.00 할인=0.00,1,,,2026-09-02T16:31:04+00:00
PRD_000148,할인구간(300),300,mat_cd=MAT_000386; opt_cd=OPV_001021; print_opt_cd=POPT_000007; siz_cd=SIZ_000216; siz_height=30.0; siz_width=30.0,PROC_000111 PROC_000124 PROC_000151,True,1110000,777000,2,ACRYLIC_CLEAR3T_PRINT=None; ACRYLIC_TOTAL_FINISHING=None,quantity[수량구간 할인 (아크릴 카테고리 수량별 구간할인)] rate=30.00 1110000→777000.00 할인=333000.00,1,,,2026-09-02T16:31:04+00:00
PRD_000149,기본,1,mat_cd=MAT_000386; opt_cd=OPV_001023; print_opt_cd=POPT_000007; siz_cd=SIZ_000216; siz_height=30.0; siz_width=30.0,PROC_000111,True,3800,3800,2,ACRYLIC_TOTAL_FINISHING=None; ACRYLIC_CLEAR3T_PRINT=None,quantity[수량구간 할인 (아크릴 카테고리 수량별 구간할인)] rate=0.00 3800→3800.00 할인=0.00,1,,,2026-09-02T16:31:04+00:00
PRD_000149,변형(opt_cd),1,mat_cd=MAT_000386; opt_cd=OPV_001024; print_opt_cd=POPT_000007; siz_cd=SIZ_000216; siz_height=30.0; siz_width=30.0,PROC_000111,True,3100,3100,2,ACRYLIC_TOTAL_FINISHING=None; ACRYLIC_CLEAR3T_PRINT=None,quantity[수량구간 할인 (아크릴 카테고리 수량별 구간할인)] rate=0.00 3100→3100.00 할인=0.00,1,,,2026-09-02T16:31:04+00:00
PRD_000149,할인구간(300),300,mat_cd=MAT_000386; opt_cd=OPV_001023; print_opt_cd=POPT_000007; siz_cd=SIZ_000216; siz_height=30.0; siz_width=30.0,PROC_000111,True,1140000,798000,2,ACRYLIC_TOTAL_FINISHING=None; ACRYLIC_CLEAR3T_PRINT=None,quantity[수량구간 할인 (아크릴 카테고리 수량별 구간할인)] rate=30.00 1140000→798000.00 할인=342000.00,1,,,2026-09-02T16:31:04+00:00
PRD_000150,기본,1,mat_cd=MAT_000386; opt_cd=OPV_000966; print_opt_cd=POPT_000007; siz_cd=SIZ_000011; siz_height=50.0; siz_width=50.0,PROC_000111,True,7400,7400,2,ACRYLIC_TOTAL_FINISHING=None; ACRYLIC_CLEAR3T_PRINT=None,quantity[수량구간 할인 (아크릴 카테고리 수량별 구간할인)] rate=0.00 7400→7400.00 할인=0.00,1,,,2026-09-02T16:31:04+00:00
PRD_000150,변형(opt_cd),1,mat_cd=MAT_000386; opt_cd=OPV_000967; print_opt_cd=POPT_000007; siz_cd=SIZ_000011; siz_height=50.0; siz_width=50.0,PROC_000111,True,7800,7800,2,ACRYLIC_TOTAL_FINISHING=None; ACRYLIC_CLEAR3T_PRINT=None,quantity[수량구간 할인 (아크릴 카테고리 수량별 구간할인)] rate=0.00 7800→7800.00 할인=0.00,1,,,2026-09-02T16:31:04+00:00
PRD_000150,할인구간(300),300,mat_cd=MAT_000386; opt_cd=OPV_000966; print_opt_cd=POPT_000007; siz_cd=SIZ_000011; siz_height=50.0; siz_width=50.0,PROC_000111,True,2220000,1554000,2,ACRYLIC_TOTAL_FINISHING=None; ACRYLIC_CLEAR3T_PRINT=None,quantity[수량구간 할인 (아크릴 카테고리 수량별 구간할인)] rate=30.00 2220000→1554000.00 할인=666000.00,1,,,2026-09-02T16:31:04+00:00
PRD_000152,기본,1,mat_cd=MAT_000386; opt_cd=OPV_001025; print_opt_cd=POPT_000007; siz_cd=SIZ_000346; siz_height=20.0; siz_width=60.0,PROC_000111,True,4100,4100,2,ACRYLIC_CLEAR3T_PRINT=None; ACRYLIC_TOTAL_FINISHING=None,quantity[수량구간 할인 (아크릴 카테고리 수량별 구간할인)] rate=0.00 4100→4100.00 할인=0.00,1,,,2026-09-02T16:31:04+00:00
PRD_000152,변형(opt_cd),1,mat_cd=MAT_000386; opt_cd=OPV_001026; print_opt_cd=POPT_000007; siz_cd=SIZ_000346; siz_height=20.0; siz_width=60.0,PROC_000111,True,5100,5100,2,ACRYLIC_CLEAR3T_PRINT=None; ACRYLIC_TOTAL_FINISHING=None,quantity[수량구간 할인 (아크릴 카테고리 수량별 구간할인)] rate=0.00 5100→5100.00 할인=0.00,1,,,2026-09-02T16:31:04+00:00
PRD_000152,할인구간(300),300,mat_cd=MAT_000386; opt_cd=OPV_001025; print_opt_cd=POPT_000007; siz_cd=SIZ_000346; siz_height=20.0; siz_width=60.0,PROC_000111,True,1230000,861000,2,ACRYLIC_CLEAR3T_PRINT=None; ACRYLIC_TOTAL_FINISHING=None,quantity[수량구간 할인 (아크릴 카테고리 수량별 구간할인)] rate=30.00 1230000→861000.00 할인=369000.00,1,,,2026-09-02T16:31:04+00:00
PRD_000153,기본,1,mat_cd=MAT_000377; opt_cd=OPV_001027; print_opt_cd=POPT_000012; siz_cd=SIZ_000346; siz_height=20.0; siz_width=60.0,,True,4100,4100,2,COMP_ACRYL_NAMETAG_GS=None; ACRYLIC_TOTAL_FINISHING=None,quantity[수량구간 할인 (아크릴 카테고리 수량별 구간할인)] rate=0.00 4100→4100.00 할인=0.00,1,,,2026-09-02T16:31:04+00:00
PRD_000153,변형(siz_cd),1,mat_cd=MAT_000377; opt_cd=OPV_001027; print_opt_cd=POPT_000012; siz_cd=SIZ_000348; siz_height=20.0; siz_width=60.0,,True,4700,4700,2,COMP_ACRYL_NAMETAG_GS=None; ACRYLIC_TOTAL_FINISHING=None,quantity[수량구간 할인 (아크릴 카테고리 수량별 구간할인)] rate=0.00 4700→4700.00 할인=0.00,1,,,2026-09-02T16:31:04+00:00
PRD_000153,할인구간(300),300,mat_cd=MAT_000377; opt_cd=OPV_001027; print_opt_cd=POPT_000012; siz_cd=SIZ_000346; siz_height=20.0; siz_width=60.0,,True,1230000,861000,2,COMP_ACRYL_NAMETAG_GS=None; ACRYLIC_TOTAL_FINISHING=None,quantity[수량구간 할인 (아크릴 카테고리 수량별 구간할인)] rate=30.00 1230000→861000.00 할인=369000.00,1,,,2026-09-02T16:31:04+00:00
PRD_000154,기본,1,mat_cd=MAT_000386; opt_cd=OPV_001031; print_opt_cd=POPT_000007; siz_cd=SIZ_000336; siz_height=20.0; siz_width=20.0,PROC_000111,True,3000,3000,2,ACRYLIC_TOTAL_FINISHING=None; ACRYLIC_CLEAR3T_PRINT=None,quantity[수량구간 할인 (아크릴 카테고리 수량별 구간할인)] rate=0.00 3000→3000.00 할인=0.00,1,,,2026-09-02T16:31:04+00:00
PRD_000154,변형(siz_cd),1,mat_cd=MAT_000386; opt_cd=OPV_001031; print_opt_cd=POPT_000007; siz_cd=SIZ_000216; siz_height=20.0; siz_width=20.0,PROC_000111,True,3000,3000,2,ACRYLIC_TOTAL_FINISHING=None; ACRYLIC_CLEAR3T_PRINT=None,quantity[수량구간 할인 (아크릴 카테고리 수량별 구간할인)] rate=0.00 3000→3000.00 할인=0.00,1,,,2026-09-02T16:31:04+00:00
PRD_000154,할인구간(300),300,mat_cd=MAT_000386; opt_cd=OPV_001031; print_opt_cd=POPT_000007; siz_cd=SIZ_000336; siz_height=20.0; siz_width=20.0,PROC_000111,True,900000,630000,2,ACRYLIC_TOTAL_FINISHING=None; ACRYLIC_CLEAR3T_PRINT=None,quantity[수량구간 할인 (아크릴 카테고리 수량별 구간할인)] rate=30.00 900000→630000.00 할인=270000.00,1,,,2026-09-02T16:31:04+00:00
PRD_000156,기본,100,mat_cd=MAT_000386; opt_cd=OPV_001029; print_opt_cd=POPT_000007; siz_cd=SIZ_000336; siz_height=20.0; siz_width=20.0,PROC_000111,True,20000,16000,1,ACRYLIC_TOTAL_FINISHING=None,quantity[수량구간 할인 (아크릴 카테고리 수량별 구간할인)] rate=20.00 20000→16000.00 할인=4000.00,1,,,2026-09-02T16:31:04+00:00
PRD_000156,변형(opt_cd),100,mat_cd=MAT_000386; opt_cd=OPV_001030; print_opt_cd=POPT_000007; siz_cd=SIZ_000336; siz_height=20.0; siz_width=20.0,PROC_000111,True,60000,48000,1,ACRYLIC_TOTAL_FINISHING=None,quantity[수량구간 할인 (아크릴 카테고리 수량별 구간할인)] rate=20.00 60000→48000.00 할인=12000.00,1,,,2026-09-02T16:31:04+00:00
PRD_000156,할인구간(300),300,mat_cd=MAT_000386; opt_cd=OPV_001029; print_opt_cd=POPT_000007; siz_cd=SIZ_000336; siz_height=20.0; siz_width=20.0,PROC_000111,True,60000,42000,1,ACRYLIC_TOTAL_FINISHING=None,quantity[수량구간 할인 (아크릴 카테고리 수량별 구간할인)] rate=30.00 60000→42000.00 할인=18000.00,1,,,2026-09-02T16:31:04+00:00
PRD_000159,기본,1,mat_cd=MAT_000386; print_opt_cd=POPT_000006; siz_cd=SIZ_000356,PROC_000111,True,12700,12700,1,ACRYLIC_CLEAR3T_PRINT=None,quantity[수량구간 할인 (아크릴 카테고리 수량별 구간할인)] rate=0.00 12700→12700.00 할인=0.00,1,,,2026-09-02T16:31:04+00:00
PRD_000159,변형(siz_cd),1,mat_cd=MAT_000386; print_opt_cd=POPT_000006; siz_cd=SIZ_000355,PROC_000111,True,12700,12700,1,ACRYLIC_CLEAR3T_PRINT=None,quantity[수량구간 할인 (아크릴 카테고리 수량별 구간할인)] rate=0.00 12700→12700.00 할인=0.00,1,,,2026-09-02T16:31:04+00:00
PRD_000159,할인구간(300),300,mat_cd=MAT_000386; print_opt_cd=POPT_000006; siz_cd=SIZ_000356,PROC_000111,True,3810000,2667000,1,ACRYLIC_CLEAR3T_PRINT=None,quantity[수량구간 할인 (아크릴 카테고리 수량별 구간할인)] rate=30.00 3810000→2667000.00 할인=1143000.00,1,,,2026-09-02T16:31:04+00:00
PRD_000161,기본,1,mat_cd=MAT_000386; print_opt_cd=POPT_000006; siz_cd=SIZ_000359,PROC_000111,True,16700,16700,1,ACRYLIC_CLEAR3T_PRINT=None,quantity[수량구간 할인 (아크릴 카테고리 수량별 구간할인)] rate=0.00 16700→16700.00 할인=0.00,1,,,2026-09-02T16:31:04+00:00
PRD_000161,변형(siz_cd),1,mat_cd=MAT_000386; print_opt_cd=POPT_000006; siz_cd=SIZ_000361,PROC_000111,True,22700,22700,1,ACRYLIC_CLEAR3T_PRINT=None,quantity[수량구간 할인 (아크릴 카테고리 수량별 구간할인)] rate=0.00 22700→22700.00 할인=0.00,1,,,2026-09-02T16:31:04+00:00
PRD_000161,할인구간(300),300,mat_cd=MAT_000386; print_opt_cd=POPT_000006; siz_cd=SIZ_000359,PROC_000111,True,5010000,3507000,1,ACRYLIC_CLEAR3T_PRINT=None,quantity[수량구간 할인 (아크릴 카테고리 수량별 구간할인)] rate=30.00 5010000→3507000.00 할인=1503000.00,1,,,2026-09-02T16:31:04+00:00
PRD_000164,기본,1,mat_cd=MAT_000416; print_opt_cd=POPT_000006; siz_cd=SIZ_000330; siz_height=30.0; siz_width=30.0,PROC_000111,True,3600,3600,1,ACRYLIC_CLEAR8T_PRINT=None,quantity[수량구간 할인 (아크릴 카테고리 수량별 구간할인)] rate=0.00 3600→3600.00 할인=0.00,1,,,2026-09-02T16:31:04+00:00
PRD_000164,변형(siz_cd),1,mat_cd=MAT_000416; print_opt_cd=POPT_000006; siz_cd=SIZ_000333; siz_height=30.0; siz_width=30.0,PROC_000111,True,3600,3600,1,ACRYLIC_CLEAR8T_PRINT=None,quantity[수량구간 할인 (아크릴 카테고리 수량별 구간할인)] rate=0.00 3600→3600.00 할인=0.00,1,,,2026-09-02T16:31:04+00:00
PRD_000164,할인구간(300),300,mat_cd=MAT_000416; print_opt_cd=POPT_000006; siz_cd=SIZ_000330; siz_height=30.0; siz_width=30.0,PROC_000111,True,1080000,756000,1,ACRYLIC_CLEAR8T_PRINT=None,quantity[수량구간 할인 (아크릴 카테고리 수량별 구간할인)] rate=30.00 1080000→756000.00 할인=324000.00,1,,,2026-09-02T16:31:04+00:00
PRD_000166,기본,1,mat_cd=MAT_000661; print_opt_cd=POPT_000006; siz_cd=SIZ_000369,,True,6900,6900,1,ACRYLIC_CARABINER_FINAL=None,quantity[수량구간 할인 (아크릴카라비너 수량별 구간할인)] rate=0.00 6900→6900.00 할인=0.00,1,,,2026-09-02T16:31:04+00:00
PRD_000166,변형(siz_cd),1,mat_cd=MAT_000661; print_opt_cd=POPT_000006; siz_cd=SIZ_000366,,True,5800,5800,1,ACRYLIC_CARABINER_FINAL=None,quantity[수량구간 할인 (아크릴카라비너 수량별 구간할인)] rate=0.00 5800→5800.00 할인=0.00,1,,,2026-09-02T16:31:04+00:00
PRD_000166,할인구간(300),300,mat_cd=MAT_000661; print_opt_cd=POPT_000006; siz_cd=SIZ_000369,,True,2070000,1656000,1,ACRYLIC_CARABINER_FINAL=None,quantity[수량구간 할인 (아크릴카라비너 수량별 구간할인)] rate=20.00 2070000→1656000.00 할인=414000.00,1,,,2026-09-02T16:31:04+00:00
PRD_000151,기본,1,print_opt_cd=POPT_000007; siz_cd=SIZ_000011; siz_height=50.0; siz_width=50.0,PROC_000111,True,0,0,1,ACRYLIC_CLEAR3T_PRINT=None,,0,선택값에 매칭되는 구성요소가 없습니다(합계 0원).,,2026-09-02T16:31:04+00:00
PRD_000151,변형(siz_cd),1,print_opt_cd=POPT_000007; siz_cd=SIZ_000222; siz_height=50.0; siz_width=50.0,PROC_000111,True,0,0,1,ACRYLIC_CLEAR3T_PRINT=None,,0,선택값에 매칭되는 구성요소가 없습니다(합계 0원).,,2026-09-02T16:31:04+00:00
PRD_000157,기본,1,mat_cd=MAT_000386; print_opt_cd=POPT_000006; siz_cd=SIZ_000406,PROC_000111,True,7800,7800,1,ACRYLIC_CLEAR3T_PRINT=None,quantity[수량구간 할인 (아크릴 카테고리 수량별 구간할인)] rate=0.00 7800→7800.00 할인=0.00,1,,,2026-09-02T16:31:04+00:00
PRD_000157,변형(siz_cd),1,mat_cd=MAT_000386; print_opt_cd=POPT_000006; siz_cd=SIZ_000370,PROC_000111,True,5900,5900,1,ACRYLIC_CLEAR3T_PRINT=None,quantity[수량구간 할인 (아크릴 카테고리 수량별 구간할인)] rate=0.00 5900→5900.00 할인=0.00,1,,,2026-09-02T16:31:04+00:00
PRD_000157,할인구간(300),300,mat_cd=MAT_000386; print_opt_cd=POPT_000006; siz_cd=SIZ_000406,PROC_000111,True,2340000,1638000,1,ACRYLIC_CLEAR3T_PRINT=None,quantity[수량구간 할인 (아크릴 카테고리 수량별 구간할인)] rate=30.00 2340000→1638000.00 할인=702000.00,1,,,2026-09-02T16:31:04+00:00
PRD_000158,기본,1,print_opt_cd=POPT_000006; siz_cd=SIZ_000406,PROC_000111,True,0,0,1,ACRYLIC_CLEAR3T_PRINT=None,,0,선택값에 매칭되는 구성요소가 없습니다(합계 0원).,,2026-09-02T16:31:04+00:00
PRD_000158,변형(수량),2,print_opt_cd=POPT_000006; siz_cd=SIZ_000406,PROC_000111,True,0,0,1,ACRYLIC_CLEAR3T_PRINT=None,,0,선택값에 매칭되는 구성요소가 없습니다(합계 0원).,,2026-09-02T16:31:04+00:00
PRD_000158,할인구간(300),300,print_opt_cd=POPT_000006; siz_cd=SIZ_000406,PROC_000111,True,0,0,1,ACRYLIC_CLEAR3T_PRINT=None,,0,선택값에 매칭되는 구성요소가 없습니다(합계 0원).,,2026-09-02T16:31:04+00:00
PRD_000162,기본,1,print_opt_cd=POPT_000006; siz_cd=SIZ_000364,PROC_000111,True,0,0,1,ACRYLIC_CLEAR3T_PRINT=None,,0,선택값에 매칭되는 구성요소가 없습니다(합계 0원).,,2026-09-02T16:31:04+00:00
PRD_000162,변형(수량),2,print_opt_cd=POPT_000006; siz_cd=SIZ_000364,PROC_000111,True,0,0,1,ACRYLIC_CLEAR3T_PRINT=None,,0,선택값에 매칭되는 구성요소가 없습니다(합계 0원).,,2026-09-02T16:31:04+00:00
PRD_000162,할인구간(300),300,print_opt_cd=POPT_000006; siz_cd=SIZ_000364,PROC_000111,True,0,0,1,ACRYLIC_CLEAR3T_PRINT=None,,0,선택값에 매칭되는 구성요소가 없습니다(합계 0원).,,2026-09-02T16:31:04+00:00
PRD_000171,기본,1,siz_height=15.0; siz_width=15.0,,True,0,0,1,ACRYLIC_TOTAL_FINISHING=None,,0,선택값에 매칭되는 구성요소가 없습니다(합계 0원).,,2026-09-02T16:31:04+00:00
PRD_000171,변형(수량),2,siz_height=15.0; siz_width=15.0,,True,0,0,1,ACRYLIC_TOTAL_FINISHING=None,,0,선택값에 매칭되는 구성요소가 없습니다(합계 0원).,,2026-09-02T16:31:04+00:00
PRD_000064,기본,1,mat_cd=MAT_000585; print_opt_cd=POPT_000001; siz_cd=SIZ_000065,PROC_000054,True,7000,7000,1,COMP_STK_PRINT=None,,0,,,2026-09-02T16:31:04+00:00
PRD_000064,변형(siz_cd),1,mat_cd=MAT_000585; print_opt_cd=POPT_000001; siz_cd=SIZ_000061,PROC_000054,True,7000,7000,1,COMP_STK_PRINT=None,,0,,,2026-09-02T16:31:04+00:00
PRD_000165,기본,1,mat_cd=MAT_000416; print_opt_cd=POPT_000006; siz_cd=SIZ_000507,,True,8000.00,8000,0,,quantity[수량구간 할인 (아크릴 카테고리 수량별 구간할인)] rate=0.00 8000.00→8000.0000 할인=0.0000,1,,,2026-09-02T16:31:04+00:00
PRD_000165,변형(수량),2,mat_cd=MAT_000416; print_opt_cd=POPT_000006; siz_cd=SIZ_000507,,True,16000.00,16000,0,,quantity[수량구간 할인 (아크릴 카테고리 수량별 구간할인)] rate=0.00 16000.00→16000.0000 할인=0.0000,1,,,2026-09-02T16:31:04+00:00
PRD_000165,할인구간(300),300,mat_cd=MAT_000416; print_opt_cd=POPT_000006; siz_cd=SIZ_000507,,True,2400000.00,1680000,0,,quantity[수량구간 할인 (아크릴 카테고리 수량별 구간할인)] rate=30.00 2400000.00→1680000.0000 할인=720000.0000,1,,,2026-09-02T16:31:04+00:00
