prd_cd,prd_nm,edge,remediation_class,note
PRD_000001,OPP접착봉투,Q1,review,초대량 저청구 검토(INFO_MAX): 'OPP접착봉투' max 100 > 최대구간 1×10
PRD_000002,OPP비접착봉투,Q1,review,초대량 저청구 검토(INFO_MAX): 'OPP비접착봉투' max 100 > 최대구간 1×10
PRD_000004,카드봉투,Q1,review,초대량 저청구 검토(INFO_MAX): '카드봉투' max 100 > 최대구간 1×10
PRD_000005,캘린더봉투,Q1,review,초대량 저청구 검토(INFO_MAX): '캘린더봉투' max 100 > 최대구간 1×10
PRD_000006,볼체인,Q1,review,초대량 저청구 검토(INFO_MAX): '볼체인' max 100 > 최대구간 1×10
PRD_000007,와이어링,Q1,review,초대량 저청구 검토(INFO_MAX): '와이어링' max 100 > 최대구간 1×10
PRD_000009,투명케이스,Q1,review,초대량 저청구 검토(INFO_MAX): '투명케이스' max 100 > 최대구간 1×10
PRD_000011,자석고정용고무판,Q1,review,초대량 저청구 검토(INFO_MAX): '자석고정용고무판' max 100 > 최대구간 1×10
PRD_000012,우드거치대,Q1,review,초대량 저청구 검토(INFO_MAX): '우드거치대' max 100 > 최대구간 1×10
PRD_000013,우드봉,Q1,review,초대량 저청구 검토(INFO_MAX): '우드봉' max 100 > 최대구간 1×10
PRD_000014,우드행거,Q1,review,초대량 저청구 검토(INFO_MAX): '우드행거' max 100 > 최대구간 1×10
PRD_000015,만년스탬프 리필잉크,Q1,review,초대량 저청구 검토(INFO_MAX): '만년스탬프 리필잉크' max 100 > 최대구간 1×10
PRD_000016,프리미엄엽서,E3,review,차원 누락(MISSING·proc_cd): 손님선택 2값이 단가행에 없음
PRD_000016,프리미엄엽서,E4,review,공정 오배선(PROC_MISMATCH): 코어 comp '무광코팅비' proc 가 상품 공정과 교집합 0
PRD_000016,프리미엄엽서,E4,review,공정 오배선(PROC_MISMATCH): 코어 comp '미싱비' proc 가 상품 공정과 교집합 0
PRD_000016,프리미엄엽서,E4,review,공정 오배선(PROC_MISMATCH): 코어 comp '별색인쇄비' proc 가 상품 공정과 교집합 0
PRD_000016,프리미엄엽서,E4,review,공정 오배선(PROC_MISMATCH): 코어 comp '오시비' proc 가 상품 공정과 교집합 0
PRD_000016,프리미엄엽서,E4,review,공정 오배선(PROC_MISMATCH): 코어 comp '유광코팅비' proc 가 상품 공정과 교집합 0
PRD_000017,코팅엽서,E4,review,공정 오배선(PROC_MISMATCH): 코어 comp '가변이미지' proc 가 상품 공정과 교집합 0
PRD_000017,코팅엽서,E4,review,공정 오배선(PROC_MISMATCH): 코어 comp '가변텍스트' proc 가 상품 공정과 교집합 0
PRD_000017,코팅엽서,E4,review,공정 오배선(PROC_MISMATCH): 코어 comp '미싱비' proc 가 상품 공정과 교집합 0
PRD_000017,코팅엽서,E4,review,공정 오배선(PROC_MISMATCH): 코어 comp '별색인쇄비' proc 가 상품 공정과 교집합 0
PRD_000017,코팅엽서,E4,review,공정 오배선(PROC_MISMATCH): 코어 comp '오시비' proc 가 상품 공정과 교집합 0
PRD_000018,스탠다드엽서,E3,review,차원 누락(MISSING·proc_cd): 손님선택 2값이 단가행에 없음
PRD_000018,스탠다드엽서,E4,review,공정 오배선(PROC_MISMATCH): 코어 comp '무광코팅비' proc 가 상품 공정과 교집합 0
PRD_000018,스탠다드엽서,E4,review,공정 오배선(PROC_MISMATCH): 코어 comp '미싱비' proc 가 상품 공정과 교집합 0
PRD_000018,스탠다드엽서,E4,review,공정 오배선(PROC_MISMATCH): 코어 comp '별색인쇄비' proc 가 상품 공정과 교집합 0
PRD_000018,스탠다드엽서,E4,review,공정 오배선(PROC_MISMATCH): 코어 comp '오시비' proc 가 상품 공정과 교집합 0
PRD_000018,스탠다드엽서,E4,review,공정 오배선(PROC_MISMATCH): 코어 comp '유광코팅비' proc 가 상품 공정과 교집합 0
PRD_000018,스탠다드엽서,G1,review,
PRD_000019,투명엽서,E4,review,공정 오배선(PROC_MISMATCH): 코어 comp '가변이미지' proc 가 상품 공정과 교집합 0
PRD_000019,투명엽서,E4,review,공정 오배선(PROC_MISMATCH): 코어 comp '가변텍스트' proc 가 상품 공정과 교집합 0
PRD_000019,투명엽서,E4,review,공정 오배선(PROC_MISMATCH): 코어 comp '무광코팅비' proc 가 상품 공정과 교집합 0
PRD_000019,투명엽서,E4,review,공정 오배선(PROC_MISMATCH): 코어 comp '미싱비' proc 가 상품 공정과 교집합 0
PRD_000019,투명엽서,E4,review,공정 오배선(PROC_MISMATCH): 코어 comp '오시비' proc 가 상품 공정과 교집합 0
PRD_000019,투명엽서,E4,review,공정 오배선(PROC_MISMATCH): 코어 comp '유광코팅비' proc 가 상품 공정과 교집합 0
PRD_000020,화이트인쇄엽서,E4,review,공정 오배선(PROC_MISMATCH): 코어 comp '가변이미지' proc 가 상품 공정과 교집합 0
PRD_000020,화이트인쇄엽서,E4,review,공정 오배선(PROC_MISMATCH): 코어 comp '가변텍스트' proc 가 상품 공정과 교집합 0
PRD_000020,화이트인쇄엽서,E4,review,공정 오배선(PROC_MISMATCH): 코어 comp '귀돌이비' proc 가 상품 공정과 교집합 0
PRD_000020,화이트인쇄엽서,E4,review,공정 오배선(PROC_MISMATCH): 코어 comp '디지털인쇄비' proc 가 상품 공정과 교집합 0
PRD_000020,화이트인쇄엽서,E4,review,공정 오배선(PROC_MISMATCH): 코어 comp '무광코팅비' proc 가 상품 공정과 교집합 0
PRD_000020,화이트인쇄엽서,E4,review,공정 오배선(PROC_MISMATCH): 코어 comp '미싱비' proc 가 상품 공정과 교집합 0
PRD_000020,화이트인쇄엽서,E4,review,공정 오배선(PROC_MISMATCH): 코어 comp '오시비' proc 가 상품 공정과 교집합 0
PRD_000020,화이트인쇄엽서,E4,review,공정 오배선(PROC_MISMATCH): 코어 comp '유광코팅비' proc 가 상품 공정과 교집합 0
PRD_000021,핑크별색엽서,E4,review,공정 오배선(PROC_MISMATCH): 코어 comp '가변이미지' proc 가 상품 공정과 교집합 0
PRD_000021,핑크별색엽서,E4,review,공정 오배선(PROC_MISMATCH): 코어 comp '가변텍스트' proc 가 상품 공정과 교집합 0
PRD_000021,핑크별색엽서,E4,review,공정 오배선(PROC_MISMATCH): 코어 comp '귀돌이비' proc 가 상품 공정과 교집합 0
PRD_000021,핑크별색엽서,E4,review,공정 오배선(PROC_MISMATCH): 코어 comp '무광코팅비' proc 가 상품 공정과 교집합 0
PRD_000021,핑크별색엽서,E4,review,공정 오배선(PROC_MISMATCH): 코어 comp '미싱비' proc 가 상품 공정과 교집합 0
PRD_000021,핑크별색엽서,E4,review,공정 오배선(PROC_MISMATCH): 코어 comp '오시비' proc 가 상품 공정과 교집합 0
PRD_000021,핑크별색엽서,E4,review,공정 오배선(PROC_MISMATCH): 코어 comp '유광코팅비' proc 가 상품 공정과 교집합 0
PRD_000023,,E3,review,차원 누락(MISSING·proc_cd): 손님선택 1값이 단가행에 없음
PRD_000024,포토카드,E4,needs_authority,ZERO_FINAL mat_cd=MAT_000082|plt_siz_cd=SIZ_000499|print_opt_cd=POPT_000002|siz_cd=SIZ_000012|qty=1
PRD_000024,포토카드,E4,needs_authority,ZERO_FINAL mat_cd=MAT_000082|print_opt_cd=POPT_000002|siz_cd=SIZ_000012|qty=1
PRD_000024,포토카드,E4,review,공정 무료화(UNCOVERED_BAKED): 상품이 '둥근모서리(4방4R)' 공정 제공하나 가격 comp 없음
PRD_000024,포토카드,E4,review,공정 무료화(UNCOVERED_BAKED): 상품이 '디지털인쇄' 공정 제공하나 가격 comp 없음
PRD_000024,포토카드,E4,review,공정 무료화(UNCOVERED_BAKED): 상품이 '무광라미네이팅' 공정 제공하나 가격 comp 없음
PRD_000024,포토카드,E4,review,공정 무료화(UNCOVERED_BAKED): 상품이 '유광라미네이팅' 공정 제공하나 가격 comp 없음
PRD_000024,포토카드,E4,review,공정 무료화(UNCOVERED_BAKED): 상품이 '직각모서리' 공정 제공하나 가격 comp 없음
PRD_000024,포토카드,Q1,review,수량 함정(TRAP_MIN): '포토카드' 최소수량 1 < 구간 comp 최소 → 구간 아래 주문 시 무료
PRD_000025,투명포토카드,E4,needs_authority,ZERO_FINAL mat_cd=MAT_000144|plt_siz_cd=SIZ_000499|print_opt_cd=POPT_000001|siz_cd=SIZ_000012|qty=1
PRD_000025,투명포토카드,E4,needs_authority,ZERO_FINAL mat_cd=MAT_000144|print_opt_cd=POPT_000001|siz_cd=SIZ_000012|qty=1
PRD_000025,투명포토카드,E4,needs_authority,ZERO_FINAL mat_cd=MAT_000147|plt_siz_cd=SIZ_000499|print_opt_cd=POPT_000001|siz_cd=SIZ_000012|qty=1
PRD_000025,투명포토카드,E4,needs_authority,ZERO_FINAL mat_cd=MAT_000147|print_opt_cd=POPT_000001|siz_cd=SIZ_000012|qty=1
PRD_000025,투명포토카드,E4,review,공정 무료화(UNCOVERED_BAKED): 상품이 '둥근모서리(4방4R)' 공정 제공하나 가격 comp 없음
PRD_000025,투명포토카드,E4,review,공정 무료화(UNCOVERED_BAKED): 상품이 '디지털인쇄' 공정 제공하나 가격 comp 없음
PRD_000025,투명포토카드,E4,review,공정 무료화(UNCOVERED_BAKED): 상품이 '직각모서리' 공정 제공하나 가격 comp 없음
PRD_000025,투명포토카드,E4,review,공정 무료화(UNCOVERED_BAKED): 상품이 '화이트인쇄' 공정 제공하나 가격 comp 없음
PRD_000025,투명포토카드,Q1,review,수량 함정(TRAP_MIN): '투명포토카드' 최소수량 1 < 구간 comp 최소 → 구간 아래 주문 시 무료
PRD_000026,종이슬로건,E4,review,공정 오배선(PROC_MISMATCH): 코어 comp '가변이미지' proc 가 상품 공정과 교집합 0
PRD_000026,종이슬로건,E4,review,공정 오배선(PROC_MISMATCH): 코어 comp '가변텍스트' proc 가 상품 공정과 교집합 0
PRD_000026,종이슬로건,E4,review,공정 오배선(PROC_MISMATCH): 코어 comp '귀돌이비' proc 가 상품 공정과 교집합 0
PRD_000026,종이슬로건,E4,review,공정 오배선(PROC_MISMATCH): 코어 comp '미싱비' proc 가 상품 공정과 교집합 0
PRD_000026,종이슬로건,E4,review,공정 오배선(PROC_MISMATCH): 코어 comp '별색인쇄비' proc 가 상품 공정과 교집합 0
PRD_000026,종이슬로건,E4,review,공정 오배선(PROC_MISMATCH): 코어 comp '오시비' proc 가 상품 공정과 교집합 0
PRD_000027,2단접지카드,E3,review,차원 누락(MISSING·proc_cd): 손님선택 8값이 단가행에 없음
PRD_000027,2단접지카드,E4,review,공정 무료화(UNCOVERED_PROCESS): 상품이 '금유광' 공정 제공하나 가격 comp 없음
PRD_000027,2단접지카드,E4,review,공정 무료화(UNCOVERED_PROCESS): 상품이 '동박' 공정 제공하나 가격 comp 없음
PRD_000027,2단접지카드,E4,review,공정 무료화(UNCOVERED_PROCESS): 상품이 '먹유광' 공정 제공하나 가격 comp 없음
PRD_000027,2단접지카드,E4,review,공정 무료화(UNCOVERED_PROCESS): 상품이 '은유광' 공정 제공하나 가격 comp 없음
PRD_000027,2단접지카드,E4,review,공정 무료화(UNCOVERED_PROCESS): 상품이 '적박' 공정 제공하나 가격 comp 없음
PRD_000027,2단접지카드,E4,review,공정 무료화(UNCOVERED_PROCESS): 상품이 '청박' 공정 제공하나 가격 comp 없음
PRD_000027,2단접지카드,E4,review,공정 무료화(UNCOVERED_PROCESS): 상품이 '트윙클박' 공정 제공하나 가격 comp 없음
PRD_000027,2단접지카드,E4,review,공정 무료화(UNCOVERED_PROCESS): 상품이 '홀로그램박' 공정 제공하나 가격 comp 없음
PRD_000027,2단접지카드,E4,review,공정 오배선(PROC_MISMATCH): 코어 comp '무광코팅비' proc 가 상품 공정과 교집합 0
PRD_000027,2단접지카드,E4,review,공정 오배선(PROC_MISMATCH): 코어 comp '유광코팅비' proc 가 상품 공정과 교집합 0
PRD_000027,2단접지카드,E4,review,공정 오배선(PROC_MISMATCH): 코어 comp '접지비 리플렛 3단' proc 가 상품 공정과 교집합 0
PRD_000027,2단접지카드,E4,review,공정 오배선(PROC_MISMATCH): 코어 comp '접지비 리플렛 4단게이트' proc 가 상품 공정과 교집합 0
PRD_000027,2단접지카드,E4,review,공정 오배선(PROC_MISMATCH): 코어 comp '접지비 리플렛 4단아코디언' proc 가 상품 공정과 교집합 0
PRD_000027,2단접지카드,E4,review,공정 오배선(PROC_MISMATCH): 코어 comp '타공비 (6mm)' proc 가 상품 공정과 교집합 0
PRD_000027,2단접지카드,Q1,review,수량 함정(TRAP_MIN): '2단접지카드' 최소수량 8 < 구간 comp 최소 → 구간 아래 주문 시 무료
PRD_000028,미니접지카드,E3,review,차원 누락(MISSING·proc_cd): 손님선택 8값이 단가행에 없음
PRD_000028,미니접지카드,E4,review,공정 무료화(UNCOVERED_PROCESS): 상품이 '금유광' 공정 제공하나 가격 comp 없음
PRD_000028,미니접지카드,E4,review,공정 무료화(UNCOVERED_PROCESS): 상품이 '동박' 공정 제공하나 가격 comp 없음
PRD_000028,미니접지카드,E4,review,공정 무료화(UNCOVERED_PROCESS): 상품이 '먹유광' 공정 제공하나 가격 comp 없음
PRD_000028,미니접지카드,E4,review,공정 무료화(UNCOVERED_PROCESS): 상품이 '은유광' 공정 제공하나 가격 comp 없음
PRD_000028,미니접지카드,E4,review,공정 무료화(UNCOVERED_PROCESS): 상품이 '적박' 공정 제공하나 가격 comp 없음
PRD_000028,미니접지카드,E4,review,공정 무료화(UNCOVERED_PROCESS): 상품이 '청박' 공정 제공하나 가격 comp 없음
PRD_000028,미니접지카드,E4,review,공정 무료화(UNCOVERED_PROCESS): 상품이 '트윙클박' 공정 제공하나 가격 comp 없음
PRD_000028,미니접지카드,E4,review,공정 무료화(UNCOVERED_PROCESS): 상품이 '홀로그램박' 공정 제공하나 가격 comp 없음
PRD_000028,미니접지카드,E4,review,공정 오배선(PROC_MISMATCH): 코어 comp '무광코팅비' proc 가 상품 공정과 교집합 0
PRD_000028,미니접지카드,E4,review,공정 오배선(PROC_MISMATCH): 코어 comp '유광코팅비' proc 가 상품 공정과 교집합 0
PRD_000028,미니접지카드,E4,review,공정 오배선(PROC_MISMATCH): 코어 comp '접지비 리플렛 3단' proc 가 상품 공정과 교집합 0
PRD_000028,미니접지카드,E4,review,공정 오배선(PROC_MISMATCH): 코어 comp '접지비 리플렛 4단게이트' proc 가 상품 공정과 교집합 0
PRD_000028,미니접지카드,E4,review,공정 오배선(PROC_MISMATCH): 코어 comp '접지비 리플렛 4단아코디언' proc 가 상품 공정과 교집합 0
PRD_000028,미니접지카드,E4,review,공정 오배선(PROC_MISMATCH): 코어 comp '타공비 (6mm)' proc 가 상품 공정과 교집합 0
PRD_000028,미니접지카드,G1,review,
PRD_000029,3단접지카드,E3,review,차원 누락(MISSING·proc_cd): 손님선택 8값이 단가행에 없음
PRD_000029,3단접지카드,E4,review,공정 무료화(UNCOVERED_PROCESS): 상품이 '금유광' 공정 제공하나 가격 comp 없음
PRD_000029,3단접지카드,E4,review,공정 무료화(UNCOVERED_PROCESS): 상품이 '동박' 공정 제공하나 가격 comp 없음
PRD_000029,3단접지카드,E4,review,공정 무료화(UNCOVERED_PROCESS): 상품이 '먹유광' 공정 제공하나 가격 comp 없음
PRD_000029,3단접지카드,E4,review,공정 무료화(UNCOVERED_PROCESS): 상품이 '은유광' 공정 제공하나 가격 comp 없음
PRD_000029,3단접지카드,E4,review,공정 무료화(UNCOVERED_PROCESS): 상품이 '적박' 공정 제공하나 가격 comp 없음
PRD_000029,3단접지카드,E4,review,공정 무료화(UNCOVERED_PROCESS): 상품이 '청박' 공정 제공하나 가격 comp 없음
PRD_000029,3단접지카드,E4,review,공정 무료화(UNCOVERED_PROCESS): 상품이 '트윙클박' 공정 제공하나 가격 comp 없음
PRD_000029,3단접지카드,E4,review,공정 무료화(UNCOVERED_PROCESS): 상품이 '홀로그램박' 공정 제공하나 가격 comp 없음
PRD_000029,3단접지카드,E4,review,공정 오배선(PROC_MISMATCH): 코어 comp '무광코팅비' proc 가 상품 공정과 교집합 0
PRD_000029,3단접지카드,E4,review,공정 오배선(PROC_MISMATCH): 코어 comp '유광코팅비' proc 가 상품 공정과 교집합 0
PRD_000029,3단접지카드,E4,review,공정 오배선(PROC_MISMATCH): 코어 comp '접지비 리플렛 4단게이트' proc 가 상품 공정과 교집합 0
PRD_000029,3단접지카드,E4,review,공정 오배선(PROC_MISMATCH): 코어 comp '접지비 리플렛 4단아코디언' proc 가 상품 공정과 교집합 0
PRD_000029,3단접지카드,E4,review,공정 오배선(PROC_MISMATCH): 코어 comp '접지비 리플렛 반접지' proc 가 상품 공정과 교집합 0
PRD_000029,3단접지카드,E4,review,공정 오배선(PROC_MISMATCH): 코어 comp '타공비 (6mm)' proc 가 상품 공정과 교집합 0
PRD_000029,3단접지카드,Q1,review,수량 함정(TRAP_MIN): '3단접지카드' 최소수량 8 < 구간 comp 최소 → 구간 아래 주문 시 무료
PRD_000030,지그재그엽서,E3,review,차원 누락(MISSING·proc_cd): 손님선택 2값이 단가행에 없음
PRD_000030,지그재그엽서,E4,review,공정 무료화(UNCOVERED_PROCESS): 상품이 '6단미싱접지' 공정 제공하나 가격 comp 없음
PRD_000030,지그재그엽서,E4,review,공정 무료화(UNCOVERED_PROCESS): 상품이 '6단오시접지' 공정 제공하나 가격 comp 없음
PRD_000030,지그재그엽서,E4,review,공정 오배선(PROC_MISMATCH): 코어 comp '타공비 (6mm)' proc 가 상품 공정과 교집합 0
PRD_000031,프리미엄명함,E3,review,차원 누락(MISSING·proc_cd): 손님선택 9값이 단가행에 없음
PRD_000031,프리미엄명함,E4,review,공정 무료화(UNCOVERED_BAKED): 상품이 '금유광' 공정 제공하나 가격 comp 없음
PRD_000031,프리미엄명함,E4,review,공정 무료화(UNCOVERED_BAKED): 상품이 '동박' 공정 제공하나 가격 comp 없음
PRD_000031,프리미엄명함,E4,review,공정 무료화(UNCOVERED_BAKED): 상품이 '디지털인쇄' 공정 제공하나 가격 comp 없음
PRD_000031,프리미엄명함,E4,review,공정 무료화(UNCOVERED_BAKED): 상품이 '먹유광' 공정 제공하나 가격 comp 없음
PRD_000031,프리미엄명함,E4,review,공정 무료화(UNCOVERED_BAKED): 상품이 '은유광' 공정 제공하나 가격 comp 없음
PRD_000031,프리미엄명함,E4,review,공정 무료화(UNCOVERED_BAKED): 상품이 '적박' 공정 제공하나 가격 comp 없음
PRD_000031,프리미엄명함,E4,review,공정 무료화(UNCOVERED_BAKED): 상품이 '청박' 공정 제공하나 가격 comp 없음
PRD_000031,프리미엄명함,E4,review,공정 무료화(UNCOVERED_BAKED): 상품이 '트윙클박' 공정 제공하나 가격 comp 없음
PRD_000031,프리미엄명함,E4,review,공정 무료화(UNCOVERED_BAKED): 상품이 '홀로그램박' 공정 제공하나 가격 comp 없음
PRD_000031,프리미엄명함,G1,review,
PRD_000031,프리미엄명함,Q1,review,수량 함정(TRAP_MIN): '프리미엄명함' 최소수량 100 < 구간 comp 최소 → 구간 아래 주문 시 무료
PRD_000032,코팅명함,E4,review,공정 무료화(UNCOVERED_BAKED): 상품이 '둥근모서리(4방4R)' 공정 제공하나 가격 comp 없음
PRD_000032,코팅명함,E4,review,공정 무료화(UNCOVERED_BAKED): 상품이 '디지털인쇄' 공정 제공하나 가격 comp 없음
PRD_000032,코팅명함,E4,review,공정 무료화(UNCOVERED_BAKED): 상품이 '무광라미네이팅' 공정 제공하나 가격 comp 없음
PRD_000032,코팅명함,E4,review,공정 무료화(UNCOVERED_BAKED): 상품이 '유광라미네이팅' 공정 제공하나 가격 comp 없음
PRD_000032,코팅명함,E4,review,공정 무료화(UNCOVERED_BAKED): 상품이 '직각모서리' 공정 제공하나 가격 comp 없음
PRD_000032,코팅명함,G1,review,
PRD_000032,코팅명함,Q1,review,초대량 저청구 검토(INFO_MAX): '코팅명함' max 10000 > 최대구간 100×10
PRD_000033,스탠다드명함,E4,review,공정 무료화(UNCOVERED_BAKED): 상품이 '가변이미지' 공정 제공하나 가격 comp 없음
PRD_000033,스탠다드명함,E4,review,공정 무료화(UNCOVERED_BAKED): 상품이 '가변텍스트' 공정 제공하나 가격 comp 없음
PRD_000033,스탠다드명함,E4,review,공정 무료화(UNCOVERED_BAKED): 상품이 '둥근모서리(4방4R)' 공정 제공하나 가격 comp 없음
PRD_000033,스탠다드명함,E4,review,공정 무료화(UNCOVERED_BAKED): 상품이 '디지털인쇄' 공정 제공하나 가격 comp 없음
PRD_000033,스탠다드명함,E4,review,공정 무료화(UNCOVERED_BAKED): 상품이 '직각모서리' 공정 제공하나 가격 comp 없음
PRD_000033,스탠다드명함,G1,review,
PRD_000033,스탠다드명함,Q1,review,초대량 저청구 검토(INFO_MAX): '스탠다드명함' max 10000 > 최대구간 100×10
PRD_000034,펄명함,E3,review,차원 누락(MISSING·proc_cd): 손님선택 11값이 단가행에 없음
PRD_000034,펄명함,E4,review,공정 무료화(UNCOVERED_BAKED): 상품이 '금무광' 공정 제공하나 가격 comp 없음
PRD_000034,펄명함,E4,review,공정 무료화(UNCOVERED_BAKED): 상품이 '동박' 공정 제공하나 가격 comp 없음
PRD_000034,펄명함,E4,review,공정 무료화(UNCOVERED_BAKED): 상품이 '둥근모서리(4방4R)' 공정 제공하나 가격 comp 없음
PRD_000034,펄명함,E4,review,공정 무료화(UNCOVERED_BAKED): 상품이 '디지털인쇄' 공정 제공하나 가격 comp 없음
PRD_000034,펄명함,E4,review,공정 무료화(UNCOVERED_BAKED): 상품이 '먹유광' 공정 제공하나 가격 comp 없음
PRD_000034,펄명함,E4,review,공정 무료화(UNCOVERED_BAKED): 상품이 '은유광' 공정 제공하나 가격 comp 없음
PRD_000034,펄명함,E4,review,공정 무료화(UNCOVERED_BAKED): 상품이 '적박' 공정 제공하나 가격 comp 없음
PRD_000034,펄명함,E4,review,공정 무료화(UNCOVERED_BAKED): 상품이 '직각모서리' 공정 제공하나 가격 comp 없음
PRD_000034,펄명함,E4,review,공정 무료화(UNCOVERED_BAKED): 상품이 '청박' 공정 제공하나 가격 comp 없음
PRD_000034,펄명함,E4,review,공정 무료화(UNCOVERED_BAKED): 상품이 '트윙클박' 공정 제공하나 가격 comp 없음
PRD_000034,펄명함,E4,review,공정 무료화(UNCOVERED_BAKED): 상품이 '홀로그램박' 공정 제공하나 가격 comp 없음
PRD_000034,펄명함,G1,review,
PRD_000034,펄명함,Q1,review,수량 함정(TRAP_MIN): '펄명함' 최소수량 100 < 구간 comp 최소 → 구간 아래 주문 시 무료
PRD_000035,모양명함,E4,review,공정 무료화(UNCOVERED_BAKED): 상품이 '디지털인쇄' 공정 제공하나 가격 comp 없음
PRD_000035,모양명함,E4,review,공정 무료화(UNCOVERED_BAKED): 상품이 '완칼커팅' 공정 제공하나 가격 comp 없음
PRD_000035,모양명함,G1,review,
PRD_000035,모양명함,Q1,review,초대량 저청구 검토(INFO_MAX): '모양명함' max 10000 > 최대구간 100×10
PRD_000036,미니모양명함,E4,review,공정 무료화(UNCOVERED_BAKED): 상품이 '디지털인쇄' 공정 제공하나 가격 comp 없음
PRD_000036,미니모양명함,E4,review,공정 무료화(UNCOVERED_BAKED): 상품이 '완칼커팅' 공정 제공하나 가격 comp 없음
PRD_000036,미니모양명함,G1,review,
PRD_000036,미니모양명함,Q1,review,초대량 저청구 검토(INFO_MAX): '미니모양명함' max 10000 > 최대구간 100×10
PRD_000037,오리지널박명함,E4,review,공정 무료화(UNCOVERED_BAKED): 상품이 '금유광' 공정 제공하나 가격 comp 없음
PRD_000037,오리지널박명함,E4,review,공정 무료화(UNCOVERED_BAKED): 상품이 '동박' 공정 제공하나 가격 comp 없음
PRD_000037,오리지널박명함,E4,review,공정 무료화(UNCOVERED_BAKED): 상품이 '먹유광' 공정 제공하나 가격 comp 없음
PRD_000037,오리지널박명함,E4,review,공정 무료화(UNCOVERED_BAKED): 상품이 '은유광' 공정 제공하나 가격 comp 없음
PRD_000037,오리지널박명함,E4,review,공정 무료화(UNCOVERED_BAKED): 상품이 '적박' 공정 제공하나 가격 comp 없음
PRD_000037,오리지널박명함,E4,review,공정 무료화(UNCOVERED_BAKED): 상품이 '청박' 공정 제공하나 가격 comp 없음
PRD_000037,오리지널박명함,E4,review,공정 무료화(UNCOVERED_BAKED): 상품이 '트윙클박' 공정 제공하나 가격 comp 없음
PRD_000037,오리지널박명함,E4,review,공정 무료화(UNCOVERED_BAKED): 상품이 '홀로그램박' 공정 제공하나 가격 comp 없음
PRD_000037,오리지널박명함,G1,review,
PRD_000038,형압명함,E3,review,차원 누락(MISSING·proc_cd): 손님선택 1값이 단가행에 없음
PRD_000038,형압명함,E4,review,공정 무료화(UNCOVERED_BAKED): 상품이 '디지털인쇄' 공정 제공하나 가격 comp 없음
PRD_000039,투명명함,E4,review,공정 무료화(UNCOVERED_BAKED): 상품이 '둥근모서리(4방4R)' 공정 제공하나 가격 comp 없음
PRD_000039,투명명함,E4,review,공정 무료화(UNCOVERED_BAKED): 상품이 '디지털인쇄' 공정 제공하나 가격 comp 없음
PRD_000039,투명명함,E4,review,공정 무료화(UNCOVERED_BAKED): 상품이 '직각모서리' 공정 제공하나 가격 comp 없음
PRD_000039,투명명함,E4,review,공정 무료화(UNCOVERED_BAKED): 상품이 '화이트인쇄' 공정 제공하나 가격 comp 없음
PRD_000039,투명명함,G1,review,
PRD_000039,투명명함,Q1,review,초대량 저청구 검토(INFO_MAX): '투명명함' max 10000 > 최대구간 100×10
PRD_000039,투명명함,W2,review,PARENT_DEAD OPV_000801#1:-=PROC_000008
PRD_000040,화이트인쇄명함,E3,review,차원 누락(MISSING·proc_cd): 손님선택 3값이 단가행에 없음
PRD_000040,화이트인쇄명함,E4,review,공정 무료화(UNCOVERED_BAKED): 상품이 '둥근모서리(4방4R)' 공정 제공하나 가격 comp 없음
PRD_000040,화이트인쇄명함,E4,review,공정 무료화(UNCOVERED_BAKED): 상품이 '직각모서리' 공정 제공하나 가격 comp 없음
PRD_000040,화이트인쇄명함,E4,review,공정 무료화(UNCOVERED_BAKED): 상품이 '화이트인쇄' 공정 제공하나 가격 comp 없음
PRD_000040,화이트인쇄명함,G1,review,
PRD_000040,화이트인쇄명함,Q1,review,초대량 저청구 검토(INFO_MAX): '화이트인쇄명함' max 10000 > 최대구간 100×10
PRD_000040,화이트인쇄명함,W2,review,PARENT_DEAD OPV_000490#1:-=PROC_000009
PRD_000040,화이트인쇄명함,W2,review,PARENT_DEAD OPV_000810#1:-=PROC_000009
PRD_000041,스탠다드 쿠폰/상품권,E3,review,차원 누락(MISSING·proc_cd): 손님선택 2값이 단가행에 없음
PRD_000041,스탠다드 쿠폰/상품권,E4,review,공정 오배선(PROC_MISMATCH): 코어 comp '귀돌이비' proc 가 상품 공정과 교집합 0
PRD_000041,스탠다드 쿠폰/상품권,E4,review,공정 오배선(PROC_MISMATCH): 코어 comp '무광코팅비' proc 가 상품 공정과 교집합 0
PRD_000041,스탠다드 쿠폰/상품권,E4,review,공정 오배선(PROC_MISMATCH): 코어 comp '미싱비' proc 가 상품 공정과 교집합 0
PRD_000041,스탠다드 쿠폰/상품권,E4,review,공정 오배선(PROC_MISMATCH): 코어 comp '별색인쇄비' proc 가 상품 공정과 교집합 0
PRD_000041,스탠다드 쿠폰/상품권,E4,review,공정 오배선(PROC_MISMATCH): 코어 comp '오시비' proc 가 상품 공정과 교집합 0
PRD_000041,스탠다드 쿠폰/상품권,E4,review,공정 오배선(PROC_MISMATCH): 코어 comp '유광코팅비' proc 가 상품 공정과 교집합 0
PRD_000041,스탠다드 쿠폰/상품권,G1,review,
PRD_000042,프리미엄 쿠폰/상품권,E3,review,차원 누락(MISSING·proc_cd): 손님선택 10값이 단가행에 없음
PRD_000042,프리미엄 쿠폰/상품권,E3,review,차원 누락(MISSING·proc_cd): 손님선택 2값이 단가행에 없음
PRD_000042,프리미엄 쿠폰/상품권,E4,review,공정 무료화(UNCOVERED_PROCESS): 상품이 '금유광' 공정 제공하나 가격 comp 없음
PRD_000042,프리미엄 쿠폰/상품권,E4,review,공정 무료화(UNCOVERED_PROCESS): 상품이 '동박' 공정 제공하나 가격 comp 없음
PRD_000042,프리미엄 쿠폰/상품권,E4,review,공정 무료화(UNCOVERED_PROCESS): 상품이 '먹유광' 공정 제공하나 가격 comp 없음
PRD_000042,프리미엄 쿠폰/상품권,E4,review,공정 무료화(UNCOVERED_PROCESS): 상품이 '은유광' 공정 제공하나 가격 comp 없음
PRD_000042,프리미엄 쿠폰/상품권,E4,review,공정 무료화(UNCOVERED_PROCESS): 상품이 '적박' 공정 제공하나 가격 comp 없음
PRD_000042,프리미엄 쿠폰/상품권,E4,review,공정 무료화(UNCOVERED_PROCESS): 상품이 '청박' 공정 제공하나 가격 comp 없음
PRD_000042,프리미엄 쿠폰/상품권,E4,review,공정 무료화(UNCOVERED_PROCESS): 상품이 '트윙클박' 공정 제공하나 가격 comp 없음
PRD_000042,프리미엄 쿠폰/상품권,E4,review,공정 무료화(UNCOVERED_PROCESS): 상품이 '홀로그램박' 공정 제공하나 가격 comp 없음
PRD_000042,프리미엄 쿠폰/상품권,E4,review,공정 오배선(PROC_MISMATCH): 코어 comp '귀돌이비' proc 가 상품 공정과 교집합 0
PRD_000042,프리미엄 쿠폰/상품권,E4,review,공정 오배선(PROC_MISMATCH): 코어 comp '무광코팅비' proc 가 상품 공정과 교집합 0
PRD_000042,프리미엄 쿠폰/상품권,E4,review,공정 오배선(PROC_MISMATCH): 코어 comp '미싱비' proc 가 상품 공정과 교집합 0
PRD_000042,프리미엄 쿠폰/상품권,E4,review,공정 오배선(PROC_MISMATCH): 코어 comp '별색인쇄비' proc 가 상품 공정과 교집합 0
PRD_000042,프리미엄 쿠폰/상품권,E4,review,공정 오배선(PROC_MISMATCH): 코어 comp '오시비' proc 가 상품 공정과 교집합 0
PRD_000042,프리미엄 쿠폰/상품권,E4,review,공정 오배선(PROC_MISMATCH): 코어 comp '유광코팅비' proc 가 상품 공정과 교집합 0
PRD_000042,프리미엄 쿠폰/상품권,W4,review,ANCHOR_DELETED OPV_000210#1:mat_cd=MAT_000118
PRD_000042,프리미엄 쿠폰/상품권,W4,review,ANCHOR_DELETED OPV_000211#1:mat_cd=MAT_000121
PRD_000042,프리미엄 쿠폰/상품권,W4,review,ANCHOR_DELETED OPV_000212#1:mat_cd=MAT_000125
PRD_000042,프리미엄 쿠폰/상품권,W4,review,ANCHOR_DELETED OPV_000213#1:mat_cd=MAT_000128
PRD_000042,프리미엄 쿠폰/상품권,W4,review,ANCHOR_DELETED OPV_000214#1:mat_cd=MAT_000129
PRD_000042,프리미엄 쿠폰/상품권,W4,review,ANCHOR_DELETED OPV_000215#1:mat_cd=MAT_000240
PRD_000042,프리미엄 쿠폰/상품권,W4,review,ANCHOR_DELETED OPV_000216#1:mat_cd=MAT_000241
PRD_000042,프리미엄 쿠폰/상품권,W5,review,옵션 파라미터 연결 끊김(OPT_PARAM_MISSING): '가변이미지' 옵션이 '개수' 미공급 → 단가행 매칭 실패로 무료 (수치입력 가능성·검토)
PRD_000042,프리미엄 쿠폰/상품권,W5,review,옵션 파라미터 연결 끊김(OPT_PARAM_MISSING): '가변텍스트' 옵션이 '개수' 미공급 → 단가행 매칭 실패로 무료 (수치입력 가능성·검토)
PRD_000042,프리미엄 쿠폰/상품권,W5,review,옵션 파라미터 연결 끊김(OPT_PARAM_MISSING): '금유광' 옵션이 '가로' 미공급 → 단가행 매칭 실패로 무료 (수치입력 가능성·검토)
PRD_000042,프리미엄 쿠폰/상품권,W5,review,옵션 파라미터 연결 끊김(OPT_PARAM_MISSING): '금유광' 옵션이 '세로' 미공급 → 단가행 매칭 실패로 무료 (수치입력 가능성·검토)
PRD_000042,프리미엄 쿠폰/상품권,W5,review,옵션 파라미터 연결 끊김(OPT_PARAM_MISSING): '동박' 옵션이 '가로' 미공급 → 단가행 매칭 실패로 무료 (수치입력 가능성·검토)
PRD_000042,프리미엄 쿠폰/상품권,W5,review,옵션 파라미터 연결 끊김(OPT_PARAM_MISSING): '동박' 옵션이 '세로' 미공급 → 단가행 매칭 실패로 무료 (수치입력 가능성·검토)
PRD_000042,프리미엄 쿠폰/상품권,W5,review,옵션 파라미터 연결 끊김(OPT_PARAM_MISSING): '먹유광' 옵션이 '가로' 미공급 → 단가행 매칭 실패로 무료 (수치입력 가능성·검토)
PRD_000042,프리미엄 쿠폰/상품권,W5,review,옵션 파라미터 연결 끊김(OPT_PARAM_MISSING): '먹유광' 옵션이 '세로' 미공급 → 단가행 매칭 실패로 무료 (수치입력 가능성·검토)
PRD_000042,프리미엄 쿠폰/상품권,W5,review,옵션 파라미터 연결 끊김(OPT_PARAM_MISSING): '은유광' 옵션이 '가로' 미공급 → 단가행 매칭 실패로 무료 (수치입력 가능성·검토)
PRD_000042,프리미엄 쿠폰/상품권,W5,review,옵션 파라미터 연결 끊김(OPT_PARAM_MISSING): '은유광' 옵션이 '세로' 미공급 → 단가행 매칭 실패로 무료 (수치입력 가능성·검토)
PRD_000042,프리미엄 쿠폰/상품권,W5,review,옵션 파라미터 연결 끊김(OPT_PARAM_MISSING): '적박' 옵션이 '가로' 미공급 → 단가행 매칭 실패로 무료 (수치입력 가능성·검토)
PRD_000042,프리미엄 쿠폰/상품권,W5,review,옵션 파라미터 연결 끊김(OPT_PARAM_MISSING): '적박' 옵션이 '세로' 미공급 → 단가행 매칭 실패로 무료 (수치입력 가능성·검토)
PRD_000042,프리미엄 쿠폰/상품권,W5,review,옵션 파라미터 연결 끊김(OPT_PARAM_MISSING): '청박' 옵션이 '가로' 미공급 → 단가행 매칭 실패로 무료 (수치입력 가능성·검토)
PRD_000042,프리미엄 쿠폰/상품권,W5,review,옵션 파라미터 연결 끊김(OPT_PARAM_MISSING): '청박' 옵션이 '세로' 미공급 → 단가행 매칭 실패로 무료 (수치입력 가능성·검토)
PRD_000042,프리미엄 쿠폰/상품권,W5,review,옵션 파라미터 연결 끊김(OPT_PARAM_MISSING): '트윙클박' 옵션이 '가로' 미공급 → 단가행 매칭 실패로 무료 (수치입력 가능성·검토)
PRD_000042,프리미엄 쿠폰/상품권,W5,review,옵션 파라미터 연결 끊김(OPT_PARAM_MISSING): '트윙클박' 옵션이 '세로' 미공급 → 단가행 매칭 실패로 무료 (수치입력 가능성·검토)
PRD_000042,프리미엄 쿠폰/상품권,W5,review,옵션 파라미터 연결 끊김(OPT_PARAM_MISSING): '홀로그램박' 옵션이 '가로' 미공급 → 단가행 매칭 실패로 무료 (수치입력 가능성·검토)
PRD_000042,프리미엄 쿠폰/상품권,W5,review,옵션 파라미터 연결 끊김(OPT_PARAM_MISSING): '홀로그램박' 옵션이 '세로' 미공급 → 단가행 매칭 실패로 무료 (수치입력 가능성·검토)
PRD_000043,인쇄배경지(일반형),E4,review,공정 오배선(PROC_MISMATCH): 코어 comp '타공비 (6mm)' proc 가 상품 공정과 교집합 0
PRD_000044,인쇄배경지(커팅형),E3,review,차원 누락(MISSING·proc_cd): 손님선택 1값이 단가행에 없음
PRD_000044,인쇄배경지(커팅형),E4,review,공정 무료화(UNCOVERED_PROCESS): 상품이 '완칼커팅' 공정 제공하나 가격 comp 없음
PRD_000044,인쇄배경지(커팅형),E4,review,공정 오배선(PROC_MISMATCH): 코어 comp '타공비 (6mm)' proc 가 상품 공정과 교집합 0
PRD_000045,인쇄헤더택,E3,review,차원 누락(MISSING·proc_cd): 손님선택 2값이 단가행에 없음
PRD_000045,인쇄헤더택,E4,review,공정 무료화(UNCOVERED_PROCESS): 상품이 '1구 6mm 타공' 공정 제공하나 가격 comp 없음
PRD_000045,인쇄헤더택,E4,review,공정 무료화(UNCOVERED_PROCESS): 상품이 '오시' 공정 제공하나 가격 comp 없음
PRD_000045,인쇄헤더택,E4,review,공정 오배선(PROC_MISMATCH): 코어 comp '타공비 (6mm)' proc 가 상품 공정과 교집합 0
PRD_000046,라벨/택,E3,review,차원 누락(MISSING·proc_cd): 손님선택 1값이 단가행에 없음
PRD_000046,라벨/택,E4,review,공정 무료화(UNCOVERED_BAKED): 상품이 '완칼커팅' 공정 제공하나 가격 comp 없음
PRD_000047,소량전단지,E4,review,공정 오배선(PROC_MISMATCH): 코어 comp '귀돌이비' proc 가 상품 공정과 교집합 0
PRD_000047,소량전단지,E4,review,공정 오배선(PROC_MISMATCH): 코어 comp '미싱비' proc 가 상품 공정과 교집합 0
PRD_000047,소량전단지,E4,review,공정 오배선(PROC_MISMATCH): 코어 comp '오시비' proc 가 상품 공정과 교집합 0
PRD_000047,소량전단지,E4,review,공정 오배선(PROC_MISMATCH): 코어 comp '타공비 (6mm)' proc 가 상품 공정과 교집합 0
PRD_000048,접지리플렛,C1,review,"RULE_DEAD_REF R_EXCL_COATING_THIN_PAPER(아트,스노우 180g이상  코팅가능) — 없는 값 참조: sel_opts=OPV_000603"
PRD_000048,접지리플렛,E4,review,공정 오배선(PROC_MISMATCH): 코어 comp '타공비 (6mm)' proc 가 상품 공정과 교집합 0
PRD_000049,와이드 접지리플렛,C1,review,"RULE_DEAD_REF R_EXCL_COATING_THIN_PAPER(아트,스노우 180이상 코팅가능) — 없는 값 참조: sel_opts=OPV_000614"
PRD_000049,와이드 접지리플렛,E4,review,공정 오배선(PROC_MISMATCH): 코어 comp '접지비 리플렛 반접지' proc 가 상품 공정과 교집합 0
PRD_000049,와이드 접지리플렛,E4,review,공정 오배선(PROC_MISMATCH): 코어 comp '타공비 (6mm)' proc 가 상품 공정과 교집합 0
PRD_000049,와이드 접지리플렛,G1,review,
PRD_000050,봉투제작,W2,review,PARENT_DEAD OPV-000029#1:-=SIZ_000193
PRD_000050,봉투제작,W2,review,PARENT_DEAD OPV-000030#1:-=SIZ_000192
PRD_000050,봉투제작,W2,review,PARENT_DEAD OPV-000031#1:-=SIZ_000194
PRD_000050,봉투제작,W2,review,PARENT_DEAD OPV_000834#1:-=SIZ_000191
PRD_000052,반칼 자유형 스티커,E4,review,공정 무료화(UNCOVERED_BAKED): 상품이 '디지털인쇄' 공정 제공하나 가격 comp 없음
PRD_000052,반칼 자유형 스티커,E4,review,공정 무료화(UNCOVERED_BAKED): 상품이 '무광라미네이팅' 공정 제공하나 가격 comp 없음
PRD_000052,반칼 자유형 스티커,E4,review,공정 무료화(UNCOVERED_BAKED): 상품이 '반칼커팅' 공정 제공하나 가격 comp 없음
PRD_000052,반칼 자유형 스티커,E4,review,공정 무료화(UNCOVERED_BAKED): 상품이 '유광라미네이팅' 공정 제공하나 가격 comp 없음
PRD_000052,반칼 자유형 스티커,W4,review,ANCHOR_DELETED OPV_000509#1:proc_cd=PROC_000054
PRD_000053,반칼 자유형 투명스티커,E4,review,공정 무료화(UNCOVERED_BAKED): 상품이 '디지털인쇄' 공정 제공하나 가격 comp 없음
PRD_000053,반칼 자유형 투명스티커,E4,review,공정 무료화(UNCOVERED_BAKED): 상품이 '반칼커팅' 공정 제공하나 가격 comp 없음
PRD_000053,반칼 자유형 투명스티커,E4,review,공정 무료화(UNCOVERED_BAKED): 상품이 '화이트인쇄' 공정 제공하나 가격 comp 없음
PRD_000053,반칼 자유형 투명스티커,G1,review,
PRD_000054,반칼 자유형 홀로그램스티커,E4,review,공정 무료화(UNCOVERED_BAKED): 상품이 '디지털인쇄' 공정 제공하나 가격 comp 없음
PRD_000054,반칼 자유형 홀로그램스티커,E4,review,공정 무료화(UNCOVERED_BAKED): 상품이 '반칼커팅' 공정 제공하나 가격 comp 없음
PRD_000054,반칼 자유형 홀로그램스티커,E4,review,공정 무료화(UNCOVERED_BAKED): 상품이 '화이트인쇄' 공정 제공하나 가격 comp 없음
PRD_000055,낱장 자유형 스티커,E4,review,공정 무료화(UNCOVERED_BAKED): 상품이 '실사출력' 공정 제공하나 가격 comp 없음
PRD_000055,낱장 자유형 스티커,E4,review,공정 무료화(UNCOVERED_BAKED): 상품이 '완칼커팅' 공정 제공하나 가격 comp 없음
PRD_000055,낱장 자유형 스티커,E4,review,공정 무료화(UNCOVERED_BAKED): 상품이 '쿨코팅(무광)' 공정 제공하나 가격 comp 없음
PRD_000055,낱장 자유형 스티커,W4,review,ANCHOR_DELETED OPV_000525#1:proc_cd=PROC_000053
PRD_000056,낱장 자유형 투명스티커,E4,review,공정 무료화(UNCOVERED_BAKED): 상품이 '완칼커팅' 공정 제공하나 가격 comp 없음
PRD_000056,낱장 자유형 투명스티커,E4,review,공정 무료화(UNCOVERED_BAKED): 상품이 '화이트라텍스출력' 공정 제공하나 가격 comp 없음
PRD_000056,낱장 자유형 투명스티커,E4,review,공정 무료화(UNCOVERED_BAKED): 상품이 '화이트인쇄' 공정 제공하나 가격 comp 없음
PRD_000056,낱장 자유형 투명스티커,G1,review,
PRD_000056,낱장 자유형 투명스티커,W4,review,ANCHOR_DELETED OPV_000775#1:proc_cd=PROC_000053
PRD_000057,대형 자유형 스티커,E4,review,공정 무료화(UNCOVERED_BAKED): 상품이 '실사출력' 공정 제공하나 가격 comp 없음
PRD_000057,대형 자유형 스티커,E4,review,공정 무료화(UNCOVERED_BAKED): 상품이 '완칼커팅' 공정 제공하나 가격 comp 없음
PRD_000057,대형 자유형 스티커,E4,review,공정 무료화(UNCOVERED_BAKED): 상품이 '쿨코팅(무광)' 공정 제공하나 가격 comp 없음
PRD_000058,반칼원형스티커,E4,review,공정 무료화(UNCOVERED_BAKED): 상품이 '디지털인쇄' 공정 제공하나 가격 comp 없음
PRD_000058,반칼원형스티커,E4,review,공정 무료화(UNCOVERED_BAKED): 상품이 '반칼커팅' 공정 제공하나 가격 comp 없음
PRD_000059,반칼정사각스티커,E4,review,공정 무료화(UNCOVERED_BAKED): 상품이 '디지털인쇄' 공정 제공하나 가격 comp 없음
PRD_000059,반칼정사각스티커,E4,review,공정 무료화(UNCOVERED_BAKED): 상품이 '반칼커팅' 공정 제공하나 가격 comp 없음
PRD_000059,반칼정사각스티커,G1,review,
PRD_000060,반칼직사각스티커,E4,review,공정 무료화(UNCOVERED_BAKED): 상품이 '디지털인쇄' 공정 제공하나 가격 comp 없음
PRD_000060,반칼직사각스티커,E4,review,공정 무료화(UNCOVERED_BAKED): 상품이 '무광라미네이팅' 공정 제공하나 가격 comp 없음
PRD_000060,반칼직사각스티커,E4,review,공정 무료화(UNCOVERED_BAKED): 상품이 '반칼커팅' 공정 제공하나 가격 comp 없음
PRD_000060,반칼직사각스티커,E4,review,공정 무료화(UNCOVERED_BAKED): 상품이 '유광라미네이팅' 공정 제공하나 가격 comp 없음
PRD_000060,반칼직사각스티커,G1,review,
PRD_000061,반칼띠지스티커,E4,review,공정 무료화(UNCOVERED_BAKED): 상품이 '디지털인쇄' 공정 제공하나 가격 comp 없음
PRD_000061,반칼띠지스티커,E4,review,공정 무료화(UNCOVERED_BAKED): 상품이 '무광라미네이팅' 공정 제공하나 가격 comp 없음
PRD_000061,반칼띠지스티커,E4,review,공정 무료화(UNCOVERED_BAKED): 상품이 '반칼커팅' 공정 제공하나 가격 comp 없음
PRD_000061,반칼띠지스티커,E4,review,공정 무료화(UNCOVERED_BAKED): 상품이 '유광라미네이팅' 공정 제공하나 가격 comp 없음
PRD_000061,반칼띠지스티커,G1,review,
PRD_000062,반칼팬시스티커,E4,review,공정 무료화(UNCOVERED_BAKED): 상품이 '디지털인쇄' 공정 제공하나 가격 comp 없음
PRD_000062,반칼팬시스티커,E4,review,공정 무료화(UNCOVERED_BAKED): 상품이 '무광라미네이팅' 공정 제공하나 가격 comp 없음
PRD_000062,반칼팬시스티커,E4,review,공정 무료화(UNCOVERED_BAKED): 상품이 '반칼커팅' 공정 제공하나 가격 comp 없음
PRD_000062,반칼팬시스티커,E4,review,공정 무료화(UNCOVERED_BAKED): 상품이 '유광라미네이팅' 공정 제공하나 가격 comp 없음
PRD_000062,반칼팬시스티커,G1,review,
PRD_000063,반칼팬시투명스티커,C1,review,RULE_DEAD_REF RULE_001(140x100 커팅모양) — 없는 값 참조: siz_cd=SIZ_000067
PRD_000063,반칼팬시투명스티커,E4,review,공정 무료화(UNCOVERED_BAKED): 상품이 '반칼커팅' 공정 제공하나 가격 comp 없음
PRD_000063,반칼팬시투명스티커,E4,review,공정 무료화(UNCOVERED_BAKED): 상품이 '화이트인쇄' 공정 제공하나 가격 comp 없음
PRD_000065,스티커팩,E4,review,공정 무료화(UNCOVERED_BAKED): 상품이 '디지털인쇄' 공정 제공하나 가격 comp 없음
PRD_000065,스티커팩,Q1,review,초대량 저청구 검토(INFO_MAX): '스티커팩' max 1000 > 최대구간 1×10
PRD_000066,합판도무송스티커,E3,review,차원 누락(MISSING·mat_cd): 손님선택 6값이 단가행에 없음
PRD_000066,합판도무송스티커,W4,needs_design,ANCHOR_MISSING OPV_000527#1:mat_cd=MAT_000153
PRD_000066,합판도무송스티커,W4,needs_design,ANCHOR_MISSING OPV_000529#1:mat_cd=MAT_000084
PRD_000066,합판도무송스티커,W4,needs_design,ANCHOR_MISSING OPV_000531#1:mat_cd=MAT_000155
PRD_000066,합판도무송스티커,W4,needs_design,ANCHOR_MISSING OPV_000533#1:mat_cd=MAT_000156
PRD_000066,합판도무송스티커,W4,needs_design,ANCHOR_MISSING OPV_000535#1:mat_cd=MAT_000170
PRD_000066,합판도무송스티커,W4,needs_design,ANCHOR_MISSING OPV_000537#1:mat_cd=MAT_000171
PRD_000067,타투스티커,E4,review,공정 무료화(UNCOVERED_BAKED): 상품이 '전사인쇄' 공정 제공하나 가격 comp 없음
PRD_000068,중철책자,E4,needs_authority,ZERO_FINAL mat_cd=MAT_000073|siz_cd=SIZ_000250|qty=2
PRD_000068,중철책자,E4,needs_authority,ZERO_FINAL mat_cd=MAT_000073|siz_cd=SIZ_000252|qty=2
PRD_000068,중철책자,E4,needs_authority,ZERO_FINAL mat_cd=MAT_000077|siz_cd=SIZ_000250|qty=2
PRD_000068,중철책자,E4,needs_authority,ZERO_FINAL mat_cd=MAT_000077|siz_cd=SIZ_000252|qty=2
PRD_000068,중철책자,E4,needs_authority,ZERO_FINAL mat_cd=MAT_000078|siz_cd=SIZ_000250|qty=2
PRD_000068,중철책자,E4,needs_authority,ZERO_FINAL mat_cd=MAT_000078|siz_cd=SIZ_000252|qty=2
PRD_000068,중철책자,E4,needs_authority,ZERO_FINAL mat_cd=MAT_000079|siz_cd=SIZ_000250|qty=2
PRD_000068,중철책자,E4,needs_authority,ZERO_FINAL mat_cd=MAT_000079|siz_cd=SIZ_000252|qty=2
PRD_000068,중철책자,E4,needs_authority,ZERO_FINAL mat_cd=MAT_000080|siz_cd=SIZ_000250|qty=2
PRD_000068,중철책자,E4,needs_authority,ZERO_FINAL mat_cd=MAT_000080|siz_cd=SIZ_000252|qty=2
PRD_000068,중철책자,E4,needs_authority,ZERO_FINAL mat_cd=MAT_000087|siz_cd=SIZ_000250|qty=2
PRD_000068,중철책자,E4,needs_authority,ZERO_FINAL mat_cd=MAT_000087|siz_cd=SIZ_000252|qty=2
PRD_000068,중철책자,E4,needs_authority,ZERO_FINAL mat_cd=MAT_000088|siz_cd=SIZ_000250|qty=2
PRD_000068,중철책자,E4,needs_authority,ZERO_FINAL mat_cd=MAT_000088|siz_cd=SIZ_000252|qty=2
PRD_000068,중철책자,E4,needs_authority,ZERO_FINAL mat_cd=MAT_000089|siz_cd=SIZ_000250|qty=2
PRD_000068,중철책자,E4,needs_authority,ZERO_FINAL mat_cd=MAT_000089|siz_cd=SIZ_000252|qty=2
PRD_000068,중철책자,E4,needs_authority,ZERO_FINAL mat_cd=MAT_000090|siz_cd=SIZ_000250|qty=2
PRD_000068,중철책자,E4,needs_authority,ZERO_FINAL mat_cd=MAT_000090|siz_cd=SIZ_000252|qty=2
PRD_000068,중철책자,E4,needs_authority,ZERO_FINAL mat_cd=MAT_000104|siz_cd=SIZ_000250|qty=2
PRD_000068,중철책자,E4,needs_authority,ZERO_FINAL mat_cd=MAT_000104|siz_cd=SIZ_000252|qty=2
PRD_000068,중철책자,E4,needs_authority,ZERO_FINAL mat_cd=MAT_000105|siz_cd=SIZ_000250|qty=2
PRD_000068,중철책자,E4,needs_authority,ZERO_FINAL mat_cd=MAT_000105|siz_cd=SIZ_000252|qty=2
PRD_000068,중철책자,E4,needs_authority,ZERO_FINAL mat_cd=MAT_000106|siz_cd=SIZ_000250|qty=2
PRD_000068,중철책자,E4,needs_authority,ZERO_FINAL mat_cd=MAT_000106|siz_cd=SIZ_000252|qty=2
PRD_000068,중철책자,E4,needs_authority,ZERO_FINAL mat_cd=MAT_000107|siz_cd=SIZ_000250|qty=2
PRD_000068,중철책자,E4,needs_authority,ZERO_FINAL mat_cd=MAT_000107|siz_cd=SIZ_000252|qty=2
PRD_000068,중철책자,S1,review,"SET_MEMBER_NO_SOURCE copies=1|members=[{'sub_prd_cd': 'PRD_000288', 'siz_cd': 'SIZ_000251', 'mat_cd': 'MAT_000073', 'print_opt_cd': 'POPT_000001'}, {'sub_prd_cd': 'PRD_000287', 'siz_cd': 'SIZ_000250', 'mat_cd': 'MAT_000073', 'print_opt_cd': 'POPT_000002'}]|mode=strict|qty=1"
PRD_000068,중철책자,W2,review,PARENT_DEAD OPV_000284#1:-=SIZ_000170
PRD_000068,중철책자,W4,needs_design,ANCHOR_MISSING OPV_000284#1:siz_cd=SIZ_000170
PRD_000069,무선책자,E3,review,차원 누락(MISSING·proc_cd): 손님선택 12값이 단가행에 없음
PRD_000069,무선책자,E3,review,차원 누락(MISSING·proc_cd): 손님선택 2값이 단가행에 없음
PRD_000069,무선책자,E4,needs_authority,ZERO_FINAL mat_cd=MAT_000073|siz_cd=SIZ_000250|qty=2
PRD_000069,무선책자,E4,needs_authority,ZERO_FINAL mat_cd=MAT_000073|siz_cd=SIZ_000252|qty=2
PRD_000069,무선책자,E4,needs_authority,ZERO_FINAL mat_cd=MAT_000074|siz_cd=SIZ_000250|qty=2
PRD_000069,무선책자,E4,needs_authority,ZERO_FINAL mat_cd=MAT_000074|siz_cd=SIZ_000252|qty=2
PRD_000069,무선책자,E4,needs_authority,ZERO_FINAL mat_cd=MAT_000077|siz_cd=SIZ_000250|qty=2
PRD_000069,무선책자,E4,needs_authority,ZERO_FINAL mat_cd=MAT_000077|siz_cd=SIZ_000252|qty=2
PRD_000069,무선책자,E4,needs_authority,ZERO_FINAL mat_cd=MAT_000081|siz_cd=SIZ_000250|qty=2
PRD_000069,무선책자,E4,needs_authority,ZERO_FINAL mat_cd=MAT_000081|siz_cd=SIZ_000252|qty=2
PRD_000069,무선책자,E4,needs_authority,ZERO_FINAL mat_cd=MAT_000082|siz_cd=SIZ_000250|qty=2
PRD_000069,무선책자,E4,needs_authority,ZERO_FINAL mat_cd=MAT_000082|siz_cd=SIZ_000252|qty=2
PRD_000069,무선책자,E4,needs_authority,ZERO_FINAL mat_cd=MAT_000087|siz_cd=SIZ_000250|qty=2
PRD_000069,무선책자,E4,needs_authority,ZERO_FINAL mat_cd=MAT_000087|siz_cd=SIZ_000252|qty=2
PRD_000069,무선책자,E4,needs_authority,ZERO_FINAL mat_cd=MAT_000091|siz_cd=SIZ_000250|qty=2
PRD_000069,무선책자,E4,needs_authority,ZERO_FINAL mat_cd=MAT_000091|siz_cd=SIZ_000252|qty=2
PRD_000069,무선책자,E4,needs_authority,ZERO_FINAL mat_cd=MAT_000092|siz_cd=SIZ_000250|qty=2
PRD_000069,무선책자,E4,needs_authority,ZERO_FINAL mat_cd=MAT_000092|siz_cd=SIZ_000252|qty=2
PRD_000069,무선책자,E4,needs_authority,ZERO_FINAL mat_cd=MAT_000095|siz_cd=SIZ_000250|qty=2
PRD_000069,무선책자,E4,needs_authority,ZERO_FINAL mat_cd=MAT_000095|siz_cd=SIZ_000252|qty=2
PRD_000069,무선책자,E4,needs_authority,ZERO_FINAL mat_cd=MAT_000096|siz_cd=SIZ_000250|qty=2
PRD_000069,무선책자,E4,needs_authority,ZERO_FINAL mat_cd=MAT_000096|siz_cd=SIZ_000252|qty=2
PRD_000069,무선책자,E4,needs_authority,ZERO_FINAL mat_cd=MAT_000104|siz_cd=SIZ_000250|qty=2
PRD_000069,무선책자,E4,needs_authority,ZERO_FINAL mat_cd=MAT_000104|siz_cd=SIZ_000252|qty=2
PRD_000069,무선책자,E4,needs_authority,ZERO_FINAL mat_cd=MAT_000105|siz_cd=SIZ_000250|qty=2
PRD_000069,무선책자,E4,needs_authority,ZERO_FINAL mat_cd=MAT_000105|siz_cd=SIZ_000252|qty=2
PRD_000069,무선책자,E4,needs_authority,ZERO_FINAL mat_cd=MAT_000109|siz_cd=SIZ_000250|qty=2
PRD_000069,무선책자,E4,needs_authority,ZERO_FINAL mat_cd=MAT_000109|siz_cd=SIZ_000252|qty=2
PRD_000069,무선책자,Q1,review,수량 함정(TRAP_MIN): '무선책자' 최소수량 2 < 구간 comp 최소 → 구간 아래 주문 시 무료
PRD_000069,무선책자,S1,review,"SET_MEMBER_NO_SOURCE copies=1|members=[{'sub_prd_cd': 'PRD_000290', 'siz_cd': 'SIZ_000632', 'mat_cd': 'MAT_000074', 'print_opt_cd': 'POPT_000001'}, {'sub_prd_cd': 'PRD_000289', 'siz_cd': 'SIZ_000250', 'mat_cd': 'MAT_000073', 'print_opt_cd': 'POPT_000002'}]|mode=strict|qty=1"
PRD_000069,무선책자,W2,review,PARENT_DEAD OPV_000319#1:-=SIZ_000170
PRD_000069,무선책자,W4,needs_design,ANCHOR_MISSING OPV_000319#1:siz_cd=SIZ_000170
PRD_000070,PUR책자,E3,review,차원 누락(MISSING·proc_cd): 손님선택 1값이 단가행에 없음
PRD_000070,PUR책자,E4,needs_authority,ZERO_FINAL siz_cd=SIZ_000250|qty=2
PRD_000070,PUR책자,E4,needs_authority,ZERO_FINAL siz_cd=SIZ_000252|qty=2
PRD_000070,PUR책자,Q1,review,수량 함정(TRAP_MIN): 'PUR책자' 최소수량 2 < 구간 comp 최소 → 구간 아래 주문 시 무료
PRD_000070,PUR책자,S1,review,"SET_MEMBER_NO_SOURCE copies=1|members=[{'sub_prd_cd': 'PRD_000292', 'siz_cd': 'SIZ_000632', 'mat_cd': 'MAT_000074', 'print_opt_cd': 'POPT_000001'}, {'sub_prd_cd': 'PRD_000291', 'siz_cd': 'SIZ_000250', 'mat_cd': 'MAT_000073', 'print_opt_cd': 'POPT_000001'}]|mode=strict|qty=1"
PRD_000071,트윈링책자,E3,review,차원 누락(MISSING·proc_cd): 손님선택 1값이 단가행에 없음
PRD_000071,트윈링책자,E4,needs_authority,ZERO_FINAL mat_cd=MAT_000072|siz_cd=SIZ_000179|qty=1
PRD_000071,트윈링책자,E4,needs_authority,ZERO_FINAL mat_cd=MAT_000072|siz_cd=SIZ_000254|qty=1
PRD_000071,트윈링책자,E4,needs_authority,ZERO_FINAL mat_cd=MAT_000072|siz_cd=SIZ_000263|qty=1
PRD_000071,트윈링책자,E4,needs_authority,ZERO_FINAL mat_cd=MAT_000072|siz_cd=SIZ_000613|qty=1
PRD_000071,트윈링책자,E4,needs_authority,ZERO_FINAL mat_cd=MAT_000073|siz_cd=SIZ_000263|qty=1
PRD_000071,트윈링책자,E4,needs_authority,ZERO_FINAL mat_cd=MAT_000074|siz_cd=SIZ_000179|qty=1
PRD_000071,트윈링책자,E4,needs_authority,ZERO_FINAL mat_cd=MAT_000074|siz_cd=SIZ_000263|qty=1
PRD_000071,트윈링책자,E4,needs_authority,ZERO_FINAL mat_cd=MAT_000076|siz_cd=SIZ_000263|qty=1
PRD_000071,트윈링책자,E4,needs_authority,ZERO_FINAL mat_cd=MAT_000077|siz_cd=SIZ_000263|qty=1
PRD_000071,트윈링책자,E4,needs_authority,ZERO_FINAL mat_cd=MAT_000078|siz_cd=SIZ_000263|qty=1
PRD_000071,트윈링책자,E4,needs_authority,ZERO_FINAL mat_cd=MAT_000079|siz_cd=SIZ_000263|qty=1
PRD_000071,트윈링책자,E4,needs_authority,ZERO_FINAL mat_cd=MAT_000080|siz_cd=SIZ_000263|qty=1
PRD_000071,트윈링책자,E4,needs_authority,ZERO_FINAL mat_cd=MAT_000081|siz_cd=SIZ_000263|qty=1
PRD_000071,트윈링책자,E4,needs_authority,ZERO_FINAL mat_cd=MAT_000082|siz_cd=SIZ_000263|qty=1
PRD_000071,트윈링책자,E4,needs_authority,ZERO_FINAL mat_cd=MAT_000086|siz_cd=SIZ_000263|qty=1
PRD_000071,트윈링책자,E4,needs_authority,ZERO_FINAL mat_cd=MAT_000087|siz_cd=SIZ_000263|qty=1
PRD_000071,트윈링책자,E4,needs_authority,ZERO_FINAL mat_cd=MAT_000088|siz_cd=SIZ_000263|qty=1
PRD_000071,트윈링책자,E4,needs_authority,ZERO_FINAL mat_cd=MAT_000089|siz_cd=SIZ_000263|qty=1
PRD_000071,트윈링책자,E4,needs_authority,ZERO_FINAL mat_cd=MAT_000090|siz_cd=SIZ_000263|qty=1
PRD_000071,트윈링책자,E4,needs_authority,ZERO_FINAL mat_cd=MAT_000091|siz_cd=SIZ_000263|qty=1
PRD_000071,트윈링책자,E4,needs_authority,ZERO_FINAL mat_cd=MAT_000092|siz_cd=SIZ_000263|qty=1
PRD_000071,트윈링책자,E4,needs_authority,ZERO_FINAL mat_cd=MAT_000095|siz_cd=SIZ_000263|qty=1
PRD_000071,트윈링책자,E4,needs_authority,ZERO_FINAL mat_cd=MAT_000096|siz_cd=SIZ_000263|qty=1
PRD_000071,트윈링책자,E4,needs_authority,ZERO_FINAL mat_cd=MAT_000097|siz_cd=SIZ_000263|qty=1
PRD_000071,트윈링책자,E4,needs_authority,ZERO_FINAL mat_cd=MAT_000098|siz_cd=SIZ_000263|qty=1
PRD_000071,트윈링책자,E4,needs_authority,ZERO_FINAL mat_cd=MAT_000099|siz_cd=SIZ_000263|qty=1
PRD_000071,트윈링책자,E4,needs_authority,ZERO_FINAL mat_cd=MAT_000104|siz_cd=SIZ_000263|qty=1
PRD_000071,트윈링책자,E4,needs_authority,ZERO_FINAL mat_cd=MAT_000105|siz_cd=SIZ_000263|qty=1
PRD_000071,트윈링책자,E4,needs_authority,ZERO_FINAL mat_cd=MAT_000106|siz_cd=SIZ_000263|qty=1
PRD_000071,트윈링책자,E4,needs_authority,ZERO_FINAL mat_cd=MAT_000107|siz_cd=SIZ_000263|qty=1
PRD_000071,트윈링책자,E4,needs_authority,ZERO_FINAL mat_cd=MAT_000108|siz_cd=SIZ_000263|qty=1
PRD_000071,트윈링책자,E4,needs_authority,ZERO_FINAL mat_cd=MAT_000109|siz_cd=SIZ_000263|qty=1
PRD_000071,트윈링책자,S1,review,"SET_MEMBER_NO_SOURCE copies=1|members=[{'sub_prd_cd': 'PRD_000310', 'mat_cd': 'MAT_000079', 'print_opt_cd': 'POPT_000001'}, {'sub_prd_cd': 'PRD_000311', 'mat_cd': 'MAT_000072', 'print_opt_cd': 'POPT_000001'}]|mode=strict|qty=1"
PRD_000071,트윈링책자,W2,review,PARENT_DEAD OPV_000351#1:-=SIZ_000170
PRD_000071,트윈링책자,W2,review,PARENT_DEAD OPV_000353#1:-=SIZ_000253
PRD_000071,트윈링책자,W2,review,PARENT_DEAD OPV_000354#1:-=SIZ_000255
PRD_000071,트윈링책자,W4,needs_design,ANCHOR_MISSING OPV_000351#1:siz_cd=SIZ_000170
PRD_000071,트윈링책자,W4,needs_design,ANCHOR_MISSING OPV_000353#1:siz_cd=SIZ_000253
PRD_000071,트윈링책자,W4,needs_design,ANCHOR_MISSING OPV_000354#1:siz_cd=SIZ_000255
PRD_000072,하드커버책자,G1,review,
PRD_000072,하드커버책자,S1,review,"SET_MEMBER_NO_SOURCE copies=1|members=[{'sub_prd_cd': 'PRD_000073', 'mat_cd': 'MAT_000078', 'print_opt_cd': 'POPT_000001'}, {'sub_prd_cd': 'PRD_000074', 'mat_cd': 'MAT_000382'}, {'sub_prd_cd': 'PRD_000291', 'siz_cd': 'SIZ_000250', 'mat_cd': 'MAT_000073', 'print_opt_cd': 'POPT_000001'}]|mode=strict|qty=1"
PRD_000077,레더하드커버책자,G1,review,
PRD_000077,레더하드커버책자,S1,review,"SET_MEMBER_NO_SOURCE copies=1|members=[{'sub_prd_cd': 'PRD_000078', 'mat_cd': 'MAT_000379', 'print_opt_cd': 'POPT_000001'}, {'sub_prd_cd': 'PRD_000074', 'mat_cd': 'MAT_000382'}, {'sub_prd_cd': 'PRD_000291', 'siz_cd': 'SIZ_000250', 'mat_cd': 'MAT_000073', 'print_opt_cd': 'POPT_000001'}]|mode=strict|qty=1"
PRD_000082,하드커버링책자,E3,review,차원 누락(MISSING·proc_cd): 손님선택 1값이 단가행에 없음
PRD_000082,하드커버링책자,E4,needs_authority,ZERO_FINAL siz_cd=SIZ_000179|qty=1
PRD_000082,하드커버링책자,E4,needs_authority,ZERO_FINAL siz_cd=SIZ_000254|qty=1
PRD_000082,하드커버링책자,E4,needs_authority,ZERO_FINAL siz_cd=SIZ_000263|qty=1
PRD_000082,하드커버링책자,E4,needs_authority,ZERO_FINAL siz_cd=SIZ_000613|qty=1
PRD_000082,하드커버링책자,S1,review,"SET_MEMBER_NO_SOURCE copies=1|members=[{'sub_prd_cd': 'PRD_000083', 'mat_cd': 'MAT_000078', 'print_opt_cd': 'POPT_000001'}, {'sub_prd_cd': 'PRD_000084', 'mat_cd': 'MAT_000382'}, {'sub_prd_cd': 'PRD_000087'}, {'sub_prd_cd': 'PRD_000311', 'mat_cd': 'MAT_000072', 'print_opt_cd': 'POPT_000001'}]|mode=strict|qty=1"
PRD_000094,엽서북,E4,needs_authority,ZERO_FINAL print_opt_cd=POPT_000001|siz_cd=SIZ_000003|qty=2
PRD_000094,엽서북,E4,needs_authority,ZERO_FINAL print_opt_cd=POPT_000001|siz_cd=SIZ_000004|qty=2
PRD_000094,엽서북,E4,needs_authority,ZERO_FINAL print_opt_cd=POPT_000001|siz_cd=SIZ_000103|qty=2
PRD_000094,엽서북,E4,needs_authority,ZERO_FINAL print_opt_cd=POPT_000002|siz_cd=SIZ_000003|qty=2
PRD_000094,엽서북,E4,needs_authority,ZERO_FINAL print_opt_cd=POPT_000002|siz_cd=SIZ_000004|qty=2
PRD_000094,엽서북,E4,needs_authority,ZERO_FINAL print_opt_cd=POPT_000002|siz_cd=SIZ_000103|qty=2
PRD_000094,엽서북,G1,review,
PRD_000094,엽서북,S1,review,"SET_MEMBER_NO_SOURCE copies=1|members=[{'sub_prd_cd': 'PRD_000095', 'siz_cd': 'SIZ_000003', 'mat_cd': 'MAT_000109', 'print_opt_cd': 'POPT_000001'}, {'sub_prd_cd': 'PRD_000096', 'siz_cd': 'SIZ_000262', 'mat_cd': 'MAT_000092', 'print_opt_cd': 'POPT_000001'}]|mode=strict|qty=1"
PRD_000097,떡메모지,E4,needs_authority,ZERO_FINAL bdl_qty=100|mat_cd=MAT_000073|print_opt_cd=POPT_000001|siz_cd=SIZ_000119|qty=3
PRD_000097,떡메모지,E4,needs_authority,ZERO_FINAL bdl_qty=100|mat_cd=MAT_000073|print_opt_cd=POPT_000001|siz_cd=SIZ_000266|qty=3
PRD_000097,떡메모지,E4,needs_authority,ZERO_FINAL bdl_qty=50|mat_cd=MAT_000073|print_opt_cd=POPT_000001|siz_cd=SIZ_000119|qty=3
PRD_000097,떡메모지,E4,needs_authority,ZERO_FINAL bdl_qty=50|mat_cd=MAT_000073|print_opt_cd=POPT_000001|siz_cd=SIZ_000266|qty=3
PRD_000097,떡메모지,E4,review,공정 무료화(UNCOVERED_BAKED): 상품이 '떡제본' 공정 제공하나 가격 comp 없음
PRD_000097,떡메모지,Q1,review,BELOW_MIN_QTY bdl_qty=100|mat_cd=MAT_000073|print_opt_cd=POPT_000001|siz_cd=SIZ_000119|qty=3
PRD_000097,떡메모지,Q1,review,BELOW_MIN_QTY bdl_qty=50|mat_cd=MAT_000073|print_opt_cd=POPT_000001|siz_cd=SIZ_000119|qty=3
PRD_000097,떡메모지,Q1,review,BELOW_MIN_QTY bdl_qty=50|mat_cd=MAT_000073|print_opt_cd=POPT_000001|siz_cd=SIZ_000266|qty=3
PRD_000097,떡메모지,Q1,review,수량 함정(TRAP_MIN): '떡메모지' 최소수량 3 < 구간 comp 최소 → 구간 아래 주문 시 무료
PRD_000100,포토북 [디자인명],E4,needs_authority,ZERO_FINAL mat_cd=MAT_000105|opt_cd=OPV_000486|print_opt_cd=POPT_000001|siz_cd=SIZ_000274|qty=1
PRD_000100,포토북 [디자인명],E4,needs_authority,ZERO_FINAL mat_cd=MAT_000105|opt_cd=OPV_000486|print_opt_cd=POPT_000002|siz_cd=SIZ_000274|qty=1
PRD_000100,포토북 [디자인명],Q1,review,초대량 저청구 검토(INFO_MAX): '포토북 [디자인명]' max 1000 > 최대구간 1×10
PRD_000101,포토북 [디자인명]-내지,E4,review,공정 무료화(UNCOVERED_BAKED): 상품이 '디지털인쇄' 공정 제공하나 가격 comp 없음
PRD_000109,미니탁상형캘린더,E3,review,차원 누락(MISSING·proc_cd): 손님선택 1값이 단가행에 없음
PRD_000109,미니탁상형캘린더,E4,review,공정 무료화(UNCOVERED_PROCESS): 상품이 '수축포장' 공정 제공하나 가격 comp 없음
PRD_000110,엽서캘린더,E3,review,차원 누락(MISSING·proc_cd): 손님선택 1값이 단가행에 없음
PRD_000110,엽서캘린더,E4,review,공정 무료화(UNCOVERED_PROCESS): 상품이 '1구 6mm 타공' 공정 제공하나 가격 comp 없음
PRD_000111,벽걸이캘린더,E3,review,차원 누락(MISSING·proc_cd): 손님선택 1값이 단가행에 없음
PRD_000111,벽걸이캘린더,E4,review,공정 무료화(UNCOVERED_PROCESS): 상품이 '2구 6mm 타공' 공정 제공하나 가격 comp 없음
PRD_000118,아트프린트포스터,E4,review,공정 무료화(UNCOVERED_BAKED): 상품이 '실사출력' 공정 제공하나 가격 comp 없음
PRD_000118,아트프린트포스터,E4,review,공정 무료화(UNCOVERED_BAKED): 상품이 '쿨코팅(무광)' 공정 제공하나 가격 comp 없음
PRD_000118,아트프린트포스터,E4,review,공정 무료화(UNCOVERED_BAKED): 상품이 '쿨코팅(유광)' 공정 제공하나 가격 comp 없음
PRD_000119,아트페이퍼포스터,E4,review,공정 무료화(UNCOVERED_BAKED): 상품이 '실사출력' 공정 제공하나 가격 comp 없음
PRD_000120,방수포스터,E4,review,공정 무료화(UNCOVERED_BAKED): 상품이 '실사출력' 공정 제공하나 가격 comp 없음
PRD_000120,방수포스터,E4,review,공정 무료화(UNCOVERED_BAKED): 상품이 '쿨코팅(무광)' 공정 제공하나 가격 comp 없음
PRD_000120,방수포스터,E4,review,공정 무료화(UNCOVERED_BAKED): 상품이 '쿨코팅(유광)' 공정 제공하나 가격 comp 없음
PRD_000121,접착방수포스터,E4,review,공정 무료화(UNCOVERED_BAKED): 상품이 '실사출력' 공정 제공하나 가격 comp 없음
PRD_000121,접착방수포스터,E4,review,공정 무료화(UNCOVERED_BAKED): 상품이 '쿨코팅(무광)' 공정 제공하나 가격 comp 없음
PRD_000121,접착방수포스터,E4,review,공정 무료화(UNCOVERED_BAKED): 상품이 '쿨코팅(유광)' 공정 제공하나 가격 comp 없음
PRD_000122,접착투명포스터,E4,review,공정 무료화(UNCOVERED_BAKED): 상품이 '화이트라텍스출력' 공정 제공하나 가격 comp 없음
PRD_000122,접착투명포스터,E4,review,공정 무료화(UNCOVERED_BAKED): 상품이 '화이트인쇄' 공정 제공하나 가격 comp 없음
PRD_000123,아트패브릭포스터,E4,review,공정 무료화(UNCOVERED_BAKED): 상품이 '실사출력' 공정 제공하나 가격 comp 없음
PRD_000124,린넨패브릭포스터,E4,review,공정 무료화(UNCOVERED_BAKED): 상품이 '말아박기' 공정 제공하나 가격 comp 없음
PRD_000124,린넨패브릭포스터,E4,review,공정 무료화(UNCOVERED_BAKED): 상품이 '봉미싱(7cm)' 공정 제공하나 가격 comp 없음
PRD_000124,린넨패브릭포스터,E4,review,공정 무료화(UNCOVERED_BAKED): 상품이 '오버로크' 공정 제공하나 가격 comp 없음
PRD_000124,린넨패브릭포스터,E4,review,공정 무료화(UNCOVERED_BAKED): 상품이 '패브릭출력' 공정 제공하나 가격 comp 없음
PRD_000125,캔버스패브릭포스터,E4,review,공정 무료화(UNCOVERED_BAKED): 상품이 '오버로크' 공정 제공하나 가격 comp 없음
PRD_000125,캔버스패브릭포스터,E4,review,공정 무료화(UNCOVERED_BAKED): 상품이 '패브릭출력' 공정 제공하나 가격 comp 없음
PRD_000125,캔버스패브릭포스터,W4,review,ANCHOR_DELETED OPV_000520#1:proc_cd=PROC_000080
PRD_000125,캔버스패브릭포스터,W4,review,ANCHOR_DELETED OPV_000831#1:proc_cd=PROC_000080
PRD_000126,레더아트프린트,E4,review,공정 무료화(UNCOVERED_BAKED): 상품이 '패브릭출력' 공정 제공하나 가격 comp 없음
PRD_000127,타이벡프린트,E4,review,공정 무료화(UNCOVERED_BAKED): 상품이 '패브릭출력' 공정 제공하나 가격 comp 없음
PRD_000127,타이벡프린트,G1,review,
PRD_000128,메쉬프린트,E4,review,공정 무료화(UNCOVERED_BAKED): 상품이 '패브릭출력' 공정 제공하나 가격 comp 없음
PRD_000129,폼보드,E4,review,PRICE_GAP mat_cd=MAT_000599|siz_cd=SIZ_000198|qty=1
PRD_000129,폼보드,E4,review,PRICE_GAP mat_cd=MAT_000599|siz_cd=SIZ_000315|qty=1
PRD_000129,폼보드,E4,needs_authority,ZERO_FINAL mat_cd=MAT_000599|siz_cd=SIZ_000198|qty=1
PRD_000129,폼보드,E4,needs_authority,ZERO_FINAL mat_cd=MAT_000599|siz_cd=SIZ_000315|qty=1
PRD_000129,폼보드,E4,review,공정 무료화(UNCOVERED_PROCESS): 상품이 '실사출력' 공정 제공하나 가격 comp 없음
PRD_000129,폼보드,E4,review,공정 무료화(UNCOVERED_PROCESS): 상품이 '쿨코팅(무광)' 공정 제공하나 가격 comp 없음
PRD_000129,폼보드,E4,review,공정 무료화(UNCOVERED_PROCESS): 상품이 '쿨코팅(유광)' 공정 제공하나 가격 comp 없음
PRD_000130,포맥스보드,E4,review,PRICE_GAP mat_cd=MAT_000593|siz_cd=SIZ_000175|qty=1
PRD_000130,포맥스보드,E4,review,PRICE_GAP mat_cd=MAT_000593|siz_cd=SIZ_000197|qty=1
PRD_000130,포맥스보드,E4,needs_authority,ZERO_FINAL mat_cd=MAT_000593|siz_cd=SIZ_000175|qty=1
PRD_000130,포맥스보드,E4,needs_authority,ZERO_FINAL mat_cd=MAT_000593|siz_cd=SIZ_000197|qty=1
PRD_000130,포맥스보드,E4,review,공정 무료화(UNCOVERED_BAKED): 상품이 '실사출력' 공정 제공하나 가격 comp 없음
PRD_000130,포맥스보드,E4,review,공정 무료화(UNCOVERED_BAKED): 상품이 '쿨코팅(무광)' 공정 제공하나 가격 comp 없음
PRD_000130,포맥스보드,E4,review,공정 무료화(UNCOVERED_BAKED): 상품이 '쿨코팅(유광)' 공정 제공하나 가격 comp 없음
PRD_000131,프레임리스우드액자,E4,review,공정 무료화(UNCOVERED_BAKED): 상품이 '실사출력' 공정 제공하나 가격 comp 없음
PRD_000131,프레임리스우드액자,E4,review,공정 무료화(UNCOVERED_BAKED): 상품이 '쿨코팅(무광)' 공정 제공하나 가격 comp 없음
PRD_000131,프레임리스우드액자,E4,review,공정 무료화(UNCOVERED_BAKED): 상품이 '쿨코팅(유광)' 공정 제공하나 가격 comp 없음
PRD_000131,프레임리스우드액자,Q1,review,초대량 저청구 검토(INFO_MAX): '프레임리스우드액자' max 1000 > 최대구간 1×10
PRD_000132,레더아트액자,E4,review,공정 무료화(UNCOVERED_BAKED): 상품이 '실사출력' 공정 제공하나 가격 comp 없음
PRD_000132,레더아트액자,Q1,review,초대량 저청구 검토(INFO_MAX): '레더아트액자' max 1000 > 최대구간 1×10
PRD_000133,캔버스 행잉포스터,E3,review,차원 누락(MISSING·opt_cd): 손님선택 1값이 단가행에 없음
PRD_000133,캔버스 행잉포스터,E4,review,공정 무료화(UNCOVERED_BAKED): 상품이 '오버로크' 공정 제공하나 가격 comp 없음
PRD_000133,캔버스 행잉포스터,E4,review,공정 무료화(UNCOVERED_BAKED): 상품이 '패브릭출력' 공정 제공하나 가격 comp 없음
PRD_000133,캔버스 행잉포스터,Q1,review,초대량 저청구 검토(INFO_MAX): '캔버스 행잉포스터' max 10000 > 최대구간 1×10
PRD_000133,캔버스 행잉포스터,W4,review,ANCHOR_DELETED OPV_000522#1:proc_cd=PROC_000080
PRD_000134,린넨우드봉족자,E3,review,차원 누락(MISSING·opt_cd): 손님선택 1값이 단가행에 없음
PRD_000134,린넨우드봉족자,E4,review,공정 무료화(UNCOVERED_BAKED): 상품이 '오버로크' 공정 제공하나 가격 comp 없음
PRD_000134,린넨우드봉족자,E4,review,공정 무료화(UNCOVERED_BAKED): 상품이 '패브릭출력' 공정 제공하나 가격 comp 없음
PRD_000134,린넨우드봉족자,Q1,review,초대량 저청구 검토(INFO_MAX): '린넨우드봉족자' max 10000 > 최대구간 1×10
PRD_000135,족자포스터,E3,review,차원 누락(MISSING·opt_cd): 손님선택 2값이 단가행에 없음
PRD_000135,족자포스터,E4,review,PRICE_GAP mat_cd=MAT_000178|opt_cd=OPV_000958|siz_cd=SIZ_000198|qty=1
PRD_000135,족자포스터,E4,review,PRICE_GAP mat_cd=MAT_000178|opt_cd=OPV_000958|siz_cd=SIZ_000294|qty=1
PRD_000135,족자포스터,E4,review,PRICE_GAP mat_cd=MAT_000178|opt_cd=OPV_000958|siz_cd=SIZ_000315|qty=1
PRD_000135,족자포스터,E4,review,PRICE_GAP mat_cd=MAT_000178|opt_cd=OPV_000958|siz_cd=SIZ_000319|qty=1
PRD_000135,족자포스터,E4,review,PRICE_GAP mat_cd=MAT_000178|opt_cd=OPV_000958|siz_cd=SIZ_000320|qty=1
PRD_000135,족자포스터,E4,review,PRICE_GAP mat_cd=MAT_000178|opt_cd=OPV_000959|siz_cd=SIZ_000315|qty=1
PRD_000135,족자포스터,E4,review,공정 무료화(UNCOVERED_BAKED): 상품이 '실사출력' 공정 제공하나 가격 comp 없음
PRD_000135,족자포스터,E4,review,공정 무료화(UNCOVERED_BAKED): 상품이 '쿨코팅(무광)' 공정 제공하나 가격 comp 없음
PRD_000135,족자포스터,E4,review,공정 무료화(UNCOVERED_BAKED): 상품이 '쿨코팅(유광)' 공정 제공하나 가격 comp 없음
PRD_000135,족자포스터,Q1,review,초대량 저청구 검토(INFO_MAX): '족자포스터' max 10000 > 최대구간 1×10
PRD_000136,PET배너,E4,review,PRICE_GAP mat_cd=MAT_000601|siz_cd=SIZ_000321|qty=1
PRD_000136,PET배너,E4,review,공정 무료화(UNCOVERED_BAKED): 상품이 '실사출력' 공정 제공하나 가격 comp 없음
PRD_000136,PET배너,E4,review,공정 무료화(UNCOVERED_BAKED): 상품이 '아일렛(4구)' 공정 제공하나 가격 comp 없음
PRD_000136,PET배너,E4,review,공정 무료화(UNCOVERED_BAKED): 상품이 '쿨코팅(무광)' 공정 제공하나 가격 comp 없음
PRD_000136,PET배너,E4,review,공정 무료화(UNCOVERED_BAKED): 상품이 '쿨코팅(유광)' 공정 제공하나 가격 comp 없음
PRD_000136,PET배너,Q1,review,초대량 저청구 검토(INFO_MAX): 'PET배너' max 10000 > 최대구간 1×10
PRD_000137,메쉬배너,E4,review,공정 무료화(UNCOVERED_BAKED): 상품이 '아일렛(4구)' 공정 제공하나 가격 comp 없음
PRD_000137,메쉬배너,E4,review,공정 무료화(UNCOVERED_BAKED): 상품이 '패브릭출력' 공정 제공하나 가격 comp 없음
PRD_000137,메쉬배너,Q1,review,초대량 저청구 검토(INFO_MAX): '메쉬배너' max 10000 > 최대구간 1×10
PRD_000138,일반현수막,E3,review,차원 누락(MISSING·proc_cd): 손님선택 1값이 단가행에 없음
PRD_000138,일반현수막,E4,review,PRICE_GAP mat_cd=MAT_000605|opt_cd=OPV_000007|siz_cd=SIZ_000322|siz_height=500.0|siz_width=500.0|qty=1
PRD_000138,일반현수막,E4,review,PRICE_GAP mat_cd=MAT_000605|opt_cd=OPV_000008|siz_cd=SIZ_000322|siz_height=500.0|siz_width=500.0|qty=1
PRD_000138,일반현수막,E4,review,PRICE_GAP mat_cd=MAT_000605|opt_cd=OPV_000009|siz_cd=SIZ_000322|siz_height=500.0|siz_width=500.0|qty=1
PRD_000138,일반현수막,E4,review,공정 오배선(PROC_MISMATCH): 코어 comp '일반현수막 타공 추가가격' proc 가 상품 공정과 교집합 0
PRD_000138,일반현수막,Q1,review,초대량 저청구 검토(INFO_MAX): '일반현수막' max 10000 > 최대구간 1×10
PRD_000138,일반현수막,W4,review,ANCHOR_DELETED OPV_000013#1:mat_cd=MAT_000337
PRD_000138,일반현수막,W4,review,ANCHOR_DELETED OPV_000013#2:proc_cd=PROC_000081
PRD_000138,일반현수막,W4,review,ANCHOR_DELETED OPV_000014#1:mat_cd=MAT_000070
PRD_000138,일반현수막,W4,review,ANCHOR_DELETED OPV_000014#2:proc_cd=PROC_000081
PRD_000138,일반현수막,W4,review,ANCHOR_DELETED OPV_000015#1:mat_cd=MAT_000338
PRD_000138,일반현수막,W4,review,ANCHOR_DELETED OPV_000015#2:mat_cd=MAT_000070
PRD_000138,일반현수막,W4,review,ANCHOR_DELETED OPV_000016#1:mat_cd=MAT_000338
PRD_000138,일반현수막,W4,review,ANCHOR_DELETED OPV_000016#2:mat_cd=MAT_000070
PRD_000138,일반현수막,W4,review,ANCHOR_DELETED OPV_000016#3:proc_cd=PROC_000081
PRD_000139,메쉬현수막,E3,review,차원 누락(MISSING·proc_cd): 손님선택 1값이 단가행에 없음
PRD_000139,메쉬현수막,E4,review,공정 무료화(UNCOVERED_BAKED): 상품이 '패브릭출력' 공정 제공하나 가격 comp 없음
PRD_000139,메쉬현수막,E4,review,공정 오배선(PROC_MISMATCH): 코어 comp '메쉬현수막 타공 추가가격' proc 가 상품 공정과 교집합 0
PRD_000139,메쉬현수막,G1,review,
PRD_000140,무광시트커팅,E4,review,공정 무료화(UNCOVERED_BAKED): 상품이 '시트커팅' 공정 제공하나 가격 comp 없음
PRD_000140,무광시트커팅,G1,review,
PRD_000141,홀로그램 시트커팅,E4,review,공정 무료화(UNCOVERED_BAKED): 상품이 '시트커팅' 공정 제공하나 가격 comp 없음
PRD_000141,홀로그램 시트커팅,G1,review,
PRD_000142,유광아크릴스티커,E4,review,공정 무료화(UNCOVERED_BAKED): 상품이 '레이저커팅' 공정 제공하나 가격 comp 없음
PRD_000142,유광아크릴스티커,G1,review,
PRD_000143,미러아크릴스티커,E4,review,공정 무료화(UNCOVERED_BAKED): 상품이 '레이저커팅' 공정 제공하나 가격 comp 없음
PRD_000143,미러아크릴스티커,G1,review,
PRD_000144,미니보드스탠딩,E4,needs_authority,ZERO_FINAL siz_cd=SIZ_000258|qty=1
PRD_000144,미니보드스탠딩,E4,needs_authority,ZERO_FINAL siz_cd=SIZ_000315|qty=1
PRD_000144,미니보드스탠딩,E4,needs_authority,ZERO_FINAL siz_cd=SIZ_000426|qty=1
PRD_000144,미니보드스탠딩,Q1,review,BELOW_MIN_QTY siz_cd=SIZ_000258|qty=1
PRD_000144,미니보드스탠딩,Q1,review,BELOW_MIN_QTY siz_cd=SIZ_000315|qty=1
PRD_000144,미니보드스탠딩,Q1,review,BELOW_MIN_QTY siz_cd=SIZ_000426|qty=1
PRD_000144,미니보드스탠딩,Q1,review,수량 함정(TRAP_MIN): '미니보드스탠딩' 최소수량 1 < 구간 comp 최소 → 구간 아래 주문 시 무료
PRD_000145,미니배너,E4,needs_authority,ZERO_FINAL mat_cd=MAT_000178|siz_cd=SIZ_000328|qty=1
PRD_000145,미니배너,E4,review,공정 무료화(UNCOVERED_BAKED): 상품이 '실사가공' 공정 제공하나 가격 comp 없음
PRD_000145,미니배너,E4,review,공정 무료화(UNCOVERED_BAKED): 상품이 '실사출력' 공정 제공하나 가격 comp 없음
PRD_000145,미니배너,E4,review,공정 무료화(UNCOVERED_BAKED): 상품이 '쿨코팅(무광)' 공정 제공하나 가격 comp 없음
PRD_000145,미니배너,E4,review,공정 무료화(UNCOVERED_BAKED): 상품이 '쿨코팅(유광)' 공정 제공하나 가격 comp 없음
PRD_000145,미니배너,Q1,review,BELOW_MIN_QTY mat_cd=MAT_000178|siz_cd=SIZ_000328|qty=1
PRD_000145,미니배너,Q1,review,수량 함정(TRAP_MIN): '미니배너' 최소수량 1 < 구간 comp 최소 → 구간 아래 주문 시 무료
PRD_000146,아크릴키링,E4,needs_authority,PRICE_MISSING OPV_000625#1:mat_cd=MAT_000417
PRD_000146,아크릴키링,E4,needs_authority,PRICE_MISSING OPV_000626#1:mat_cd=MAT_000418
PRD_000146,아크릴키링,E4,needs_authority,PRICE_MISSING OPV_000627#1:mat_cd=MAT_000456
PRD_000146,아크릴키링,E4,needs_authority,"UNCOVERED mat_cd: 3개 값 그리드 매칭 없음 값=['MAT_000417', 'MAT_000418', 'MAT_000456']"
PRD_000146,아크릴키링,E4,review,공정 무료화(UNCOVERED_PROCESS): 상품이 'UV평판인쇄' 공정 제공하나 가격 comp 없음
PRD_000146,아크릴키링,E4,review,공정 무료화(UNCOVERED_PROCESS): 상품이 '굿즈가공' 공정 제공하나 가격 comp 없음
PRD_000146,아크릴키링,E4,review,공정 무료화(UNCOVERED_PROCESS): 상품이 '레이저커팅' 공정 제공하나 가격 comp 없음
PRD_000146,아크릴키링,Q1,review,초대량 저청구 검토(INFO_MAX): '아크릴키링' max 10000 > 최대구간 1×10
PRD_000147,아크릴마그넷,E3,review,차원 누락(MISSING·opt_cd): 손님선택 1값이 단가행에 없음
PRD_000147,아크릴마그넷,E4,needs_authority,PRICE_MISSING OPV_001020#1:mat_cd=MAT_000419
PRD_000147,아크릴마그넷,E4,needs_authority,UNCOVERED mat_cd: 1개 값 그리드 매칭 없음 값=['MAT_000419']
PRD_000147,아크릴마그넷,E4,review,공정 무료화(UNCOVERED_PROCESS): 상품이 'UV평판인쇄' 공정 제공하나 가격 comp 없음
PRD_000147,아크릴마그넷,E4,review,공정 무료화(UNCOVERED_PROCESS): 상품이 '레이저커팅' 공정 제공하나 가격 comp 없음
PRD_000147,아크릴마그넷,Q1,review,초대량 저청구 검토(INFO_MAX): '아크릴마그넷' max 10000 > 최대구간 1×10
PRD_000148,아크릴뱃지,E4,needs_authority,PRICE_MISSING OPV_001021#1:mat_cd=MAT_000420
PRD_000148,아크릴뱃지,E4,needs_authority,PRICE_MISSING OPV_001022#1:mat_cd=MAT_000422
PRD_000148,아크릴뱃지,E4,needs_authority,"UNCOVERED mat_cd: 2개 값 그리드 매칭 없음 값=['MAT_000420', 'MAT_000422']"
PRD_000148,아크릴뱃지,E4,review,공정 무료화(UNCOVERED_PROCESS): 상품이 'UV평판인쇄' 공정 제공하나 가격 comp 없음
PRD_000148,아크릴뱃지,E4,review,공정 무료화(UNCOVERED_PROCESS): 상품이 '굿즈가공' 공정 제공하나 가격 comp 없음
PRD_000148,아크릴뱃지,E4,review,공정 무료화(UNCOVERED_PROCESS): 상품이 '레이저커팅' 공정 제공하나 가격 comp 없음
PRD_000148,아크릴뱃지,Q1,review,초대량 저청구 검토(INFO_MAX): '아크릴뱃지' max 10000 > 최대구간 1×10
PRD_000149,아크릴집게,E3,review,차원 누락(MISSING·opt_cd): 손님선택 2값이 단가행에 없음
PRD_000149,아크릴집게,E4,needs_authority,PRICE_MISSING OPV_001023#1:mat_cd=MAT_000424
PRD_000149,아크릴집게,E4,needs_authority,PRICE_MISSING OPV_001024#1:mat_cd=MAT_000425
PRD_000149,아크릴집게,E4,needs_authority,"UNCOVERED mat_cd: 2개 값 그리드 매칭 없음 값=['MAT_000424', 'MAT_000425']"
PRD_000149,아크릴집게,E4,review,공정 무료화(UNCOVERED_PROCESS): 상품이 'UV평판인쇄' 공정 제공하나 가격 comp 없음
PRD_000149,아크릴집게,E4,review,공정 무료화(UNCOVERED_PROCESS): 상품이 '굿즈가공' 공정 제공하나 가격 comp 없음
PRD_000149,아크릴집게,E4,review,공정 무료화(UNCOVERED_PROCESS): 상품이 '레이저커팅' 공정 제공하나 가격 comp 없음
PRD_000149,아크릴집게,Q1,review,초대량 저청구 검토(INFO_MAX): '아크릴집게' max 10000 > 최대구간 1×10
PRD_000150,아크릴스마트톡,E4,needs_authority,PRICE_MISSING OPV_000966#1:mat_cd=MAT_000426
PRD_000150,아크릴스마트톡,E4,needs_authority,PRICE_MISSING OPV_000967#1:mat_cd=MAT_000427
PRD_000150,아크릴스마트톡,E4,needs_authority,"UNCOVERED mat_cd: 2개 값 그리드 매칭 없음 값=['MAT_000426', 'MAT_000427']"
PRD_000150,아크릴스마트톡,E4,review,공정 무료화(UNCOVERED_PROCESS): 상품이 'UV평판인쇄' 공정 제공하나 가격 comp 없음
PRD_000150,아크릴스마트톡,E4,review,공정 무료화(UNCOVERED_PROCESS): 상품이 '레이저커팅' 공정 제공하나 가격 comp 없음
PRD_000150,아크릴스마트톡,Q1,review,초대량 저청구 검토(INFO_MAX): '아크릴스마트톡' max 10000 > 최대구간 1×10
PRD_000151,맥세이프 스마트톡,E4,needs_authority,UNCOVERED mat_cd: 1개 값 그리드 매칭 없음 값=['MAT_000428']
PRD_000151,맥세이프 스마트톡,E4,needs_authority,ZERO_FINAL print_opt_cd=POPT_000007|siz_cd=SIZ_000011|siz_height=50.0|siz_width=50.0|qty=1
PRD_000151,맥세이프 스마트톡,E4,needs_authority,ZERO_FINAL print_opt_cd=POPT_000007|siz_cd=SIZ_000011|siz_height=80.0|siz_width=80.0|qty=1
PRD_000151,맥세이프 스마트톡,E4,needs_authority,ZERO_FINAL print_opt_cd=POPT_000007|siz_cd=SIZ_000211|siz_height=50.0|siz_width=50.0|qty=1
PRD_000151,맥세이프 스마트톡,E4,needs_authority,ZERO_FINAL print_opt_cd=POPT_000007|siz_cd=SIZ_000211|siz_height=80.0|siz_width=80.0|qty=1
PRD_000151,맥세이프 스마트톡,E4,needs_authority,ZERO_FINAL print_opt_cd=POPT_000007|siz_cd=SIZ_000222|siz_height=50.0|siz_width=50.0|qty=1
PRD_000151,맥세이프 스마트톡,E4,needs_authority,ZERO_FINAL print_opt_cd=POPT_000007|siz_cd=SIZ_000222|siz_height=80.0|siz_width=80.0|qty=1
PRD_000151,맥세이프 스마트톡,E4,review,공정 무료화(UNCOVERED_PROCESS): 상품이 'UV평판인쇄' 공정 제공하나 가격 comp 없음
PRD_000151,맥세이프 스마트톡,E4,review,공정 무료화(UNCOVERED_PROCESS): 상품이 '레이저커팅' 공정 제공하나 가격 comp 없음
PRD_000151,맥세이프 스마트톡,Q1,review,초대량 저청구 검토(INFO_MAX): '맥세이프 스마트톡' max 10000 > 최대구간 1×10
PRD_000152,아크릴명찰,E4,needs_authority,PRICE_MISSING OPV_001025#1:mat_cd=MAT_000421
PRD_000152,아크릴명찰,E4,needs_authority,PRICE_MISSING OPV_001026#1:mat_cd=MAT_000423
PRD_000152,아크릴명찰,E4,needs_authority,"UNCOVERED mat_cd: 2개 값 그리드 매칭 없음 값=['MAT_000421', 'MAT_000423']"
PRD_000152,아크릴명찰,E4,review,공정 무료화(UNCOVERED_PROCESS): 상품이 'UV평판인쇄' 공정 제공하나 가격 comp 없음
PRD_000152,아크릴명찰,E4,review,공정 무료화(UNCOVERED_PROCESS): 상품이 '레이저커팅' 공정 제공하나 가격 comp 없음
PRD_000152,아크릴명찰,Q1,review,초대량 저청구 검토(INFO_MAX): '아크릴명찰' max 10000 > 최대구간 1×10
PRD_000153,아크릴명찰(골드실버),Q1,review,초대량 저청구 검토(INFO_MAX): '아크릴명찰(골드실버)' max 10000 > 최대구간 1×10
PRD_000154,아크릴 머리끈,E4,needs_authority,PRICE_MISSING OPV_001031#1:mat_cd=MAT_000429
PRD_000154,아크릴 머리끈,E4,needs_authority,UNCOVERED mat_cd: 1개 값 그리드 매칭 없음 값=['MAT_000429']
PRD_000154,아크릴 머리끈,E4,review,공정 무료화(UNCOVERED_PROCESS): 상품이 'UV평판인쇄' 공정 제공하나 가격 comp 없음
PRD_000154,아크릴 머리끈,E4,review,공정 무료화(UNCOVERED_PROCESS): 상품이 '레이저커팅' 공정 제공하나 가격 comp 없음
PRD_000154,아크릴 머리끈,Q1,review,초대량 저청구 검토(INFO_MAX): '아크릴 머리끈' max 10000 > 최대구간 1×10
PRD_000155,아크릴볼펜,E4,review,공정 무료화(UNCOVERED_PROCESS): 상품이 'UV평판인쇄' 공정 제공하나 가격 comp 없음
PRD_000155,아크릴볼펜,E4,review,공정 무료화(UNCOVERED_PROCESS): 상품이 '레이저커팅' 공정 제공하나 가격 comp 없음
PRD_000155,아크릴볼펜,Q1,review,초대량 저청구 검토(INFO_MAX): '아크릴볼펜' max 10000 > 최대구간 1×10
PRD_000156,아크릴지비츠,E3,needs_design,MISSING_DIM opt_cd: 상품 등록값 0 · 그리드엔 2개 값 존재 값=[]
PRD_000156,아크릴지비츠,E3,review,차원 누락(MISSING·opt_cd): 손님선택 2값이 단가행에 없음
PRD_000156,아크릴지비츠,E4,needs_authority,ZERO_FINAL mat_cd=MAT_000386|print_opt_cd=POPT_000007|siz_cd=SIZ_000216|siz_height=20.0|siz_width=20.0|qty=100
PRD_000156,아크릴지비츠,E4,needs_authority,ZERO_FINAL mat_cd=MAT_000386|print_opt_cd=POPT_000007|siz_cd=SIZ_000216|siz_height=35.0|siz_width=35.0|qty=100
PRD_000156,아크릴지비츠,E4,needs_authority,ZERO_FINAL mat_cd=MAT_000386|print_opt_cd=POPT_000007|siz_cd=SIZ_000336|siz_height=20.0|siz_width=20.0|qty=100
PRD_000156,아크릴지비츠,E4,needs_authority,ZERO_FINAL mat_cd=MAT_000386|print_opt_cd=POPT_000007|siz_cd=SIZ_000336|siz_height=35.0|siz_width=35.0|qty=100
PRD_000156,아크릴지비츠,E4,needs_authority,ZERO_FINAL mat_cd=MAT_000386|print_opt_cd=POPT_000007|siz_cd=SIZ_000353|siz_height=20.0|siz_width=20.0|qty=100
PRD_000156,아크릴지비츠,E4,needs_authority,ZERO_FINAL mat_cd=MAT_000386|print_opt_cd=POPT_000007|siz_cd=SIZ_000353|siz_height=35.0|siz_width=35.0|qty=100
PRD_000156,아크릴지비츠,E4,needs_authority,ZERO_FINAL mat_cd=MAT_000386|print_opt_cd=POPT_000007|siz_cd=SIZ_000354|siz_height=20.0|siz_width=20.0|qty=100
PRD_000156,아크릴지비츠,E4,needs_authority,ZERO_FINAL mat_cd=MAT_000386|print_opt_cd=POPT_000007|siz_cd=SIZ_000354|siz_height=35.0|siz_width=35.0|qty=100
PRD_000156,아크릴지비츠,E4,review,공정 무료화(UNCOVERED_PROCESS): 상품이 'UV평판인쇄' 공정 제공하나 가격 comp 없음
PRD_000156,아크릴지비츠,E4,review,공정 무료화(UNCOVERED_PROCESS): 상품이 '레이저커팅' 공정 제공하나 가격 comp 없음
PRD_000156,아크릴지비츠,Q1,review,초대량 저청구 검토(INFO_MAX): '아크릴지비츠' max 10000 > 최대구간 1×10
PRD_000157,아크릴네임택,E4,review,공정 무료화(UNCOVERED_PROCESS): 상품이 'UV평판인쇄' 공정 제공하나 가격 comp 없음
PRD_000157,아크릴네임택,E4,review,공정 무료화(UNCOVERED_PROCESS): 상품이 '레이저커팅' 공정 제공하나 가격 comp 없음
PRD_000157,아크릴네임택,Q1,review,초대량 저청구 검토(INFO_MAX): '아크릴네임택' max 10000 > 최대구간 1×10
PRD_000158,아크릴 포카키링,E4,needs_authority,ZERO_FINAL print_opt_cd=POPT_000006|siz_cd=SIZ_000406|qty=1
PRD_000158,아크릴 포카키링,E4,review,공정 무료화(UNCOVERED_PROCESS): 상품이 'UV평판인쇄' 공정 제공하나 가격 comp 없음
PRD_000158,아크릴 포카키링,Q1,review,초대량 저청구 검토(INFO_MAX): '아크릴 포카키링' max 10000 > 최대구간 1×10
PRD_000159,아크릴코스터,E4,review,공정 무료화(UNCOVERED_PROCESS): 상품이 'UV평판인쇄' 공정 제공하나 가격 comp 없음
PRD_000159,아크릴코스터,E4,review,공정 무료화(UNCOVERED_PROCESS): 상품이 '레이저커팅' 공정 제공하나 가격 comp 없음
PRD_000159,아크릴코스터,Q1,review,초대량 저청구 검토(INFO_MAX): '아크릴코스터' max 10000 > 최대구간 1×10
PRD_000160,아크릴자유형스탠드,E4,review,공정 무료화(UNCOVERED_PROCESS): 상품이 'UV평판인쇄' 공정 제공하나 가격 comp 없음
PRD_000160,아크릴자유형스탠드,E4,review,공정 무료화(UNCOVERED_PROCESS): 상품이 '레이저커팅' 공정 제공하나 가격 comp 없음
PRD_000160,아크릴자유형스탠드,Q1,review,초대량 저청구 검토(INFO_MAX): '아크릴자유형스탠드' max 10000 > 최대구간 1×10
PRD_000161,판아크릴,E4,review,공정 무료화(UNCOVERED_PROCESS): 상품이 'UV평판인쇄' 공정 제공하나 가격 comp 없음
PRD_000161,판아크릴,E4,review,공정 무료화(UNCOVERED_PROCESS): 상품이 '레이저커팅' 공정 제공하나 가격 comp 없음
PRD_000161,판아크릴,Q1,review,초대량 저청구 검토(INFO_MAX): '판아크릴' max 10000 > 최대구간 1×10
PRD_000162,아크릴포카스탠드,E4,needs_authority,ZERO_FINAL print_opt_cd=POPT_000006|siz_cd=SIZ_000364|qty=1
PRD_000162,아크릴포카스탠드,E4,review,공정 무료화(UNCOVERED_PROCESS): 상품이 'UV평판인쇄' 공정 제공하나 가격 comp 없음
PRD_000162,아크릴포카스탠드,E4,review,공정 무료화(UNCOVERED_PROCESS): 상품이 '레이저커팅' 공정 제공하나 가격 comp 없음
PRD_000162,아크릴포카스탠드,Q1,review,초대량 저청구 검토(INFO_MAX): '아크릴포카스탠드' max 10000 > 최대구간 1×10
PRD_000163,아크릴미니파츠,E4,review,공정 무료화(UNCOVERED_PROCESS): 상품이 'UV평판인쇄' 공정 제공하나 가격 comp 없음
PRD_000163,아크릴미니파츠,E4,review,공정 무료화(UNCOVERED_PROCESS): 상품이 '레이저커팅' 공정 제공하나 가격 comp 없음
PRD_000163,아크릴미니파츠,Q1,review,초대량 저청구 검토(INFO_MAX): '아크릴미니파츠' max 10000 > 최대구간 1×10
PRD_000164,아크릴코롯토,E4,review,공정 무료화(UNCOVERED_PROCESS): 상품이 'UV평판인쇄' 공정 제공하나 가격 comp 없음
PRD_000164,아크릴코롯토,E4,review,공정 무료화(UNCOVERED_PROCESS): 상품이 '레이저커팅' 공정 제공하나 가격 comp 없음
PRD_000164,아크릴코롯토,Q1,review,초대량 저청구 검토(INFO_MAX): '아크릴코롯토' max 10000 > 최대구간 1×10
PRD_000165,아크릴포카코롯토,E4,needs_authority,ZERO_FINAL mat_cd=MAT_000416|print_opt_cd=POPT_000006|siz_cd=SIZ_000507|qty=1
PRD_000165,아크릴포카코롯토,E4,review,계산불가(PRICED-0-STRUCT): 공식 바인딩 있으나 wired 1개 전부 단가행 0 → PRICE 반드시 0
PRD_000166,아크릴카라비너,G1,review,
PRD_000166,아크릴카라비너,Q1,review,초대량 저청구 검토(INFO_MAX): '아크릴카라비너' max 10000 > 최대구간 1×10
PRD_000168,,E4,review,계산불가(PRICED-0-STRUCT): 공식 바인딩 있으나 wired 1개 전부 단가행 0 → PRICE 반드시 0
PRD_000169,,E4,review,계산불가(PRICED-0-STRUCT): 공식 바인딩 있으나 wired 1개 전부 단가행 0 → PRICE 반드시 0
PRD_000170,,E4,review,계산불가(PRICED-0-STRUCT): 공식 바인딩 있으나 wired 1개 전부 단가행 0 → PRICE 반드시 0
PRD_000172,만년다이어리(소프트커버),Q1,review,초대량 저청구 검토(INFO_MAX): '만년다이어리(소프트커버)' max 500 > 최대구간 1×10
PRD_000173,만년다이어리(하드커버),Q1,review,초대량 저청구 검토(INFO_MAX): '만년다이어리(하드커버)' max 500 > 최대구간 1×10
PRD_000174,만년다이어리(레더하드커버),Q1,review,초대량 저청구 검토(INFO_MAX): '만년다이어리(레더하드커버)' max 500 > 최대구간 1×10
PRD_000175,만년다이어리(레더소프트커버),Q1,review,초대량 저청구 검토(INFO_MAX): '만년다이어리(레더소프트커버)' max 500 > 최대구간 1×10
PRD_000176,먼슬리플래너,Q1,review,초대량 저청구 검토(INFO_MAX): '먼슬리플래너' max 500 > 최대구간 1×10
PRD_000177,스프링노트,G1,review,
PRD_000177,스프링노트,Q1,review,초대량 저청구 검토(INFO_MAX): '스프링노트' max 1000 > 최대구간 1×10
PRD_000177,스프링노트,S1,review,"SET_MEMBER_NO_SOURCE copies=1|members=[{'sub_prd_cd': 'PRD_000301', 'siz_cd': 'SIZ_000171', 'mat_cd': 'MAT_000081', 'print_opt_cd': 'POPT_000001'}, {'sub_prd_cd': 'PRD_000302'}]|mode=strict|qty=1"
PRD_000178,스프링수첩,Q1,review,초대량 저청구 검토(INFO_MAX): '스프링수첩' max 500 > 최대구간 1×10
PRD_000179,메모패드,Q1,review,초대량 저청구 검토(INFO_MAX): '메모패드' max 1000 > 최대구간 1×10
PRD_000179,메모패드,S1,review,"SET_MEMBER_NO_SOURCE copies=1|members=[{'sub_prd_cd': 'PRD_000305', 'siz_cd': 'SIZ_000614', 'mat_cd': 'MAT_000081', 'print_opt_cd': 'POPT_000001'}, {'sub_prd_cd': 'PRD_000306'}]|mode=strict|qty=1"
PRD_000181,중철노트,Q1,review,초대량 저청구 검토(INFO_MAX): '중철노트' max 500 > 최대구간 1×10
PRD_000181,중철노트,S1,review,"SET_MEMBER_NO_SOURCE copies=1|members=[{'sub_prd_cd': 'PRD_000307', 'siz_cd': 'SIZ_000382', 'mat_cd': 'MAT_000081', 'print_opt_cd': 'POPT_000001'}, {'sub_prd_cd': 'PRD_000308'}]|mode=strict|qty=1"
PRD_000186,사각손거울,E4,review,공정 무료화(UNCOVERED_PROCESS): 상품이 'UV평판인쇄' 공정 제공하나 가격 comp 없음
PRD_000193,머그컵,G1,review,
PRD_000194,워터북보틀,E4,review,공정 무료화(UNCOVERED_PROCESS): 상품이 'UV평판인쇄' 공정 제공하나 가격 comp 없음
PRD_000197,미니매트,W4,review,ANCHOR_DELETED OPV_000452#1:mat_cd=MAT_000255
PRD_000197,미니매트,W4,review,ANCHOR_DELETED OPV_000453#1:mat_cd=MAT_000256
PRD_000198,피크닉매트,E4,review,공정 무료화(UNCOVERED_PROCESS): 상품이 '오버로크' 공정 제공하나 가격 comp 없음
PRD_000198,피크닉매트,E4,review,공정 무료화(UNCOVERED_PROCESS): 상품이 '패브릭출력' 공정 제공하나 가격 comp 없음
PRD_000198,피크닉매트,W4,review,ANCHOR_DELETED OPV_000454#1:mat_cd=MAT_000255
PRD_000198,피크닉매트,W4,review,ANCHOR_DELETED OPV_000455#1:mat_cd=MAT_000256
PRD_000200,핀버튼,E4,review,공정 무료화(UNCOVERED_PROCESS): 상품이 '전사인쇄' 공정 제공하나 가격 comp 없음
PRD_000201,레더스트랩키링,E4,review,공정 무료화(UNCOVERED_PROCESS): 상품이 '패브릭출력' 공정 제공하나 가격 comp 없음
PRD_000202,키캡키링,E4,review,공정 무료화(UNCOVERED_PROCESS): 상품이 '전사인쇄' 공정 제공하나 가격 comp 없음
PRD_000203,LED투명키캡키링,E4,review,공정 무료화(UNCOVERED_PROCESS): 상품이 'UV평판인쇄' 공정 제공하나 가격 comp 없음
PRD_000215,클립보드,E4,review,공정 무료화(UNCOVERED_PROCESS): 상품이 '디지털인쇄' 공정 제공하나 가격 comp 없음
PRD_000215,클립보드,E4,review,공정 무료화(UNCOVERED_PROCESS): 상품이 '무광라미네이팅' 공정 제공하나 가격 comp 없음
PRD_000216,투명클립보드,E4,review,공정 무료화(UNCOVERED_PROCESS): 상품이 'UV평판인쇄' 공정 제공하나 가격 comp 없음
PRD_000217,만년스탬프,E4,review,공정 무료화(UNCOVERED_PROCESS): 상품이 '도장가공' 공정 제공하나 가격 comp 없음
PRD_000217,만년스탬프,E4,review,공정 무료화(UNCOVERED_PROCESS): 상품이 '도장인쇄' 공정 제공하나 가격 comp 없음
PRD_000220,폰스트랩,E4,review,공정 무료화(UNCOVERED_PROCESS): 상품이 '전사인쇄' 공정 제공하나 가격 comp 없음
PRD_000226,아크릴쉐이커코롯토,E3,review,차원 누락(MISSING·siz_cd): 손님선택 1값이 단가행에 없음
PRD_000226,아크릴쉐이커코롯토,E4,review,PRICE_GAP siz_cd=SIZ_000506|qty=1
PRD_000226,아크릴쉐이커코롯토,E4,needs_authority,UNCOVERED siz_cd: 1개 값 그리드 매칭 없음 값=['SIZ_000506']
PRD_000226,아크릴쉐이커코롯토,E4,needs_authority,ZERO_FINAL siz_cd=SIZ_000506|qty=1
PRD_000230,레더플랫파우치,E4,review,공정 무료화(UNCOVERED_PROCESS): 상품이 '오버로크' 공정 제공하나 가격 comp 없음
PRD_000230,레더플랫파우치,E4,review,공정 무료화(UNCOVERED_PROCESS): 상품이 '패브릭출력' 공정 제공하나 가격 comp 없음
PRD_000231,레더슬림파우치,E4,review,공정 무료화(UNCOVERED_PROCESS): 상품이 '오버로크' 공정 제공하나 가격 comp 없음
PRD_000231,레더슬림파우치,E4,review,공정 무료화(UNCOVERED_PROCESS): 상품이 '패브릭출력' 공정 제공하나 가격 comp 없음
PRD_000232,레더삼각파우치,E4,review,공정 무료화(UNCOVERED_PROCESS): 상품이 '오버로크' 공정 제공하나 가격 comp 없음
PRD_000232,레더삼각파우치,E4,review,공정 무료화(UNCOVERED_PROCESS): 상품이 '패브릭출력' 공정 제공하나 가격 comp 없음
PRD_000233,레더볼륨파우치,E4,review,공정 무료화(UNCOVERED_PROCESS): 상품이 '오버로크' 공정 제공하나 가격 comp 없음
PRD_000233,레더볼륨파우치,E4,review,공정 무료화(UNCOVERED_PROCESS): 상품이 '패브릭출력' 공정 제공하나 가격 comp 없음
PRD_000238,레더아이패드노트북파우치,E4,review,공정 무료화(UNCOVERED_PROCESS): 상품이 '오버로크' 공정 제공하나 가격 comp 없음
PRD_000238,레더아이패드노트북파우치,E4,review,공정 무료화(UNCOVERED_PROCESS): 상품이 '패브릭출력' 공정 제공하나 가격 comp 없음
PRD_000239,캔버스 플랫 파우치,E4,review,공정 무료화(UNCOVERED_PROCESS): 상품이 '부착' 공정 제공하나 가격 comp 없음
PRD_000240,캔버스 삼각 파우치,E4,review,공정 무료화(UNCOVERED_PROCESS): 상품이 '부착' 공정 제공하나 가격 comp 없음
PRD_000243,린넨 스트링 파우치,W4,review,MASTER_DELETED OPV_000709#1:siz_cd=SIZ_000587
PRD_000244,타이벡플랫파우치,E4,review,공정 무료화(UNCOVERED_PROCESS): 상품이 '오버로크' 공정 제공하나 가격 comp 없음
PRD_000244,타이벡플랫파우치,E4,review,공정 무료화(UNCOVERED_PROCESS): 상품이 '패브릭출력' 공정 제공하나 가격 comp 없음
PRD_000245,타이벡슬림파우치,E4,review,공정 무료화(UNCOVERED_PROCESS): 상품이 '패브릭출력' 공정 제공하나 가격 comp 없음
PRD_000246,타이벡삼각파우치,E4,review,공정 무료화(UNCOVERED_PROCESS): 상품이 '오버로크' 공정 제공하나 가격 comp 없음
PRD_000246,타이벡삼각파우치,E4,review,공정 무료화(UNCOVERED_PROCESS): 상품이 '패브릭출력' 공정 제공하나 가격 comp 없음
PRD_000247,타이벡스트링파우치,E4,review,공정 무료화(UNCOVERED_PROCESS): 상품이 '오버로크' 공정 제공하나 가격 comp 없음
PRD_000247,타이벡스트링파우치,E4,review,공정 무료화(UNCOVERED_PROCESS): 상품이 '패브릭출력' 공정 제공하나 가격 comp 없음
PRD_000249,메쉬슬림파우치,E4,review,공정 무료화(UNCOVERED_PROCESS): 상품이 '오버로크' 공정 제공하나 가격 comp 없음
PRD_000249,메쉬슬림파우치,E4,review,공정 무료화(UNCOVERED_PROCESS): 상품이 '패브릭출력' 공정 제공하나 가격 comp 없음
PRD_000252,레더슬림미니파우치,E4,review,공정 무료화(UNCOVERED_PROCESS): 상품이 '패브릭출력' 공정 제공하나 가격 comp 없음
PRD_000254,레더볼륨미니파우치,E4,review,공정 무료화(UNCOVERED_PROCESS): 상품이 '패브릭출력' 공정 제공하나 가격 comp 없음
PRD_000267,린넨 에코백,W4,review,ANCHOR_DELETED OPV_000758#1:mat_cd=MAT_000332
PRD_000267,린넨 에코백,W4,review,ANCHOR_DELETED OPV_000759#1:mat_cd=MAT_000333
PRD_000273,타이벡양면백팩,E4,review,공정 무료화(UNCOVERED_PROCESS): 상품이 '패브릭출력' 공정 제공하나 가격 comp 없음
PRD_000274,타이벡보냉보틀백,E4,review,공정 무료화(UNCOVERED_PROCESS): 상품이 '패브릭출력' 공정 제공하나 가격 comp 없음
PRD_000280,레더라벨제작,E4,review,공정 무료화(UNCOVERED_PROCESS): 상품이 '패브릭출력' 공정 제공하나 가격 comp 없음
PRD_000288,중철책자-표지,E3,review,차원 누락(MISSING·proc_cd): 손님선택 1값이 단가행에 없음
PRD_000288,중철책자-표지,E4,review,공정 무료화(UNCOVERED_PROCESS): 상품이 '유광라미네이팅' 공정 제공하나 가격 comp 없음
PRD_000290,무선책자-표지,E3,review,차원 누락(MISSING·plt_siz_cd): 손님선택 1값이 단가행에 없음
PRD_000290,무선책자-표지,E3,review,차원 누락(MISSING·proc_cd): 손님선택 11값이 단가행에 없음
PRD_000290,무선책자-표지,E4,review,공정 무료화(UNCOVERED_PROCESS): 상품이 '금유광' 공정 제공하나 가격 comp 없음
PRD_000290,무선책자-표지,E4,review,공정 무료화(UNCOVERED_PROCESS): 상품이 '동박' 공정 제공하나 가격 comp 없음
PRD_000290,무선책자-표지,E4,review,공정 무료화(UNCOVERED_PROCESS): 상품이 '먹유광' 공정 제공하나 가격 comp 없음
PRD_000290,무선책자-표지,E4,review,공정 무료화(UNCOVERED_PROCESS): 상품이 '유광라미네이팅' 공정 제공하나 가격 comp 없음
PRD_000290,무선책자-표지,E4,review,공정 무료화(UNCOVERED_PROCESS): 상품이 '은유광' 공정 제공하나 가격 comp 없음
PRD_000290,무선책자-표지,E4,review,공정 무료화(UNCOVERED_PROCESS): 상품이 '적박' 공정 제공하나 가격 comp 없음
PRD_000290,무선책자-표지,E4,review,공정 무료화(UNCOVERED_PROCESS): 상품이 '청박' 공정 제공하나 가격 comp 없음
PRD_000290,무선책자-표지,E4,review,공정 무료화(UNCOVERED_PROCESS): 상품이 '트윙클박' 공정 제공하나 가격 comp 없음
PRD_000290,무선책자-표지,E4,review,공정 무료화(UNCOVERED_PROCESS): 상품이 '형압(양각)' 공정 제공하나 가격 comp 없음
PRD_000290,무선책자-표지,E4,review,공정 무료화(UNCOVERED_PROCESS): 상품이 '형압(음각)' 공정 제공하나 가격 comp 없음
PRD_000290,무선책자-표지,E4,review,공정 무료화(UNCOVERED_PROCESS): 상품이 '홀로그램박' 공정 제공하나 가격 comp 없음
PRD_000292,PUR책자-표지,E3,review,차원 누락(MISSING·plt_siz_cd): 손님선택 1값이 단가행에 없음
PRD_000292,PUR책자-표지,E3,review,차원 누락(MISSING·proc_cd): 손님선택 11값이 단가행에 없음
PRD_000292,PUR책자-표지,E4,review,공정 무료화(UNCOVERED_PROCESS): 상품이 '금유광' 공정 제공하나 가격 comp 없음
PRD_000292,PUR책자-표지,E4,review,공정 무료화(UNCOVERED_PROCESS): 상품이 '동박' 공정 제공하나 가격 comp 없음
PRD_000292,PUR책자-표지,E4,review,공정 무료화(UNCOVERED_PROCESS): 상품이 '먹유광' 공정 제공하나 가격 comp 없음
PRD_000292,PUR책자-표지,E4,review,공정 무료화(UNCOVERED_PROCESS): 상품이 '유광라미네이팅' 공정 제공하나 가격 comp 없음
PRD_000292,PUR책자-표지,E4,review,공정 무료화(UNCOVERED_PROCESS): 상품이 '은유광' 공정 제공하나 가격 comp 없음
PRD_000292,PUR책자-표지,E4,review,공정 무료화(UNCOVERED_PROCESS): 상품이 '적박' 공정 제공하나 가격 comp 없음
PRD_000292,PUR책자-표지,E4,review,공정 무료화(UNCOVERED_PROCESS): 상품이 '청박' 공정 제공하나 가격 comp 없음
PRD_000292,PUR책자-표지,E4,review,공정 무료화(UNCOVERED_PROCESS): 상품이 '트윙클박' 공정 제공하나 가격 comp 없음
PRD_000292,PUR책자-표지,E4,review,공정 무료화(UNCOVERED_PROCESS): 상품이 '형압(양각)' 공정 제공하나 가격 comp 없음
PRD_000292,PUR책자-표지,E4,review,공정 무료화(UNCOVERED_PROCESS): 상품이 '형압(음각)' 공정 제공하나 가격 comp 없음
PRD_000292,PUR책자-표지,E4,review,공정 무료화(UNCOVERED_PROCESS): 상품이 '홀로그램박' 공정 제공하나 가격 comp 없음
