mallProductNo,productName,productManagementCd,classType,saleStatusType,optionType,textOptionLabels,textOptionCount,huni_token,huni_item,huni_order,분류,조회오류
136578130,이미지피켓(소형),PRD_000228,DEFAULT,ONSALE,COMBINATION,huni_order|huni_item,2,N,Y,Y,huni_item 있음,
136578129,아크릴쉐이커코롯토,PRD_000226,DEFAULT,ONSALE,COMBINATION,huni_order|huni_item,2,N,Y,Y,huni_item 있음,
136578128,슬로건,PRD_000208,DEFAULT,ONSALE,COMBINATION,huni_order|huni_item,2,N,Y,Y,huni_item 있음,
136578127,LED투명키캡키링,PRD_000203,DEFAULT,ONSALE,COMBINATION,huni_order|huni_item,2,N,Y,Y,huni_item 있음,
136578126,키캡키링,PRD_000202,DEFAULT,ONSALE,COMBINATION,huni_order|huni_item,2,N,Y,Y,huni_item 있음,
136578125,아크릴코롯토,PRD_000164,DEFAULT,ONSALE,COMBINATION,huni_order|huni_item,2,N,Y,Y,huni_item 있음,
136578124,반칼팬시투명스티커,PRD_000063,DEFAULT,ONSALE,COMBINATION,huni_order|huni_item,2,N,Y,Y,huni_item 있음,
136578123,형압명함,PRD_000038,DEFAULT,ONSALE,COMBINATION,huni_order|huni_item,2,N,Y,Y,huni_item 있음,
136578122,미니접지카드,PRD_000028,DEFAULT,ONSALE,COMBINATION,huni_order|huni_item,2,N,Y,Y,huni_item 있음,
136009430,엽서북,PRD_000094,DEFAULT,ONSALE,COMBINATION,huni_order|huni_item,2,N,Y,Y,huni_item 있음,
136009429,지그재그엽서,PRD_000030,DEFAULT,ONSALE,COMBINATION,huni_order|huni_item,2,N,Y,Y,huni_item 있음,
136009428,3단접지카드,PRD_000029-DUP-136009428,DEFAULT,STOP,COMBINATION,,0,N,N,N,둘 다 없음,
136009427,2단접지카드,PRD_000027-DUP-136009427,DEFAULT,STOP,COMBINATION,,0,N,N,N,둘 다 없음,
136009426,종이슬로건,PRD_000026,DEFAULT,ONSALE,COMBINATION,huni_order|huni_item,2,N,Y,Y,huni_item 있음,
136009424,투명포토카드,PRD_000025-DUP-136009424,DEFAULT,STOP,COMBINATION,,0,N,N,N,둘 다 없음,
136009423,포토카드,PRD_000024,DEFAULT,ONSALE,COMBINATION,huni_order|huni_item,2,N,Y,Y,huni_item 있음,
136009421,핑크별색엽서,PRD_000021,DEFAULT,ONSALE,COMBINATION,huni_order|huni_item,2,N,Y,Y,huni_item 있음,
136009420,스탠다드엽서,PRD_000018-DUP-136009420,DEFAULT,STOP,COMBINATION,,0,N,N,N,둘 다 없음,
136009418,코팅엽서,PRD_000017-DUP-136009418,DEFAULT,STOP,COMBINATION,,0,N,N,N,둘 다 없음,
136009417,프리미엄엽서,PRD_000016,DEFAULT,STOP,COMBINATION,,0,N,N,N,둘 다 없음,
136009416,봉투제작,PRD_000050,DEFAULT,ONSALE,COMBINATION,huni_order|huni_item,2,N,Y,Y,huni_item 있음,
136009415,와이드 접지리플렛,PRD_000049,DEFAULT,ONSALE,COMBINATION,huni_order|huni_item,2,N,Y,Y,huni_item 있음,
136009412,접지리플렛,PRD_000048,DEFAULT,ONSALE,COMBINATION,huni_order|huni_item,2,N,Y,Y,huni_item 있음,
136009411,소량전단지,PRD_000047,DEFAULT,ONSALE,COMBINATION,huni_order|huni_item,2,N,Y,Y,huni_item 있음,
136009410,화이트인쇄명함,PRD_000040,DEFAULT,ONSALE,COMBINATION,huni_order|huni_item,2,N,Y,Y,huni_item 있음,
136009409,투명명함,PRD_000039,DEFAULT,ONSALE,COMBINATION,huni_order|huni_item,2,N,Y,Y,huni_item 있음,
136009407,오리지널박명함,PRD_000037,DEFAULT,ONSALE,COMBINATION,huni_order|huni_item,2,N,Y,Y,huni_item 있음,
136009406,미니모양명함,PRD_000036,DEFAULT,ONSALE,COMBINATION,huni_order|huni_item,2,N,Y,Y,huni_item 있음,
136009405,모양명함,PRD_000035,DEFAULT,ONSALE,COMBINATION,huni_order|huni_item,2,N,Y,Y,huni_item 있음,
136009404,펄명함,PRD_000034,DEFAULT,ONSALE,COMBINATION,huni_order|huni_item,2,N,Y,Y,huni_item 있음,
136009402,스탠다드명함,PRD_000033,DEFAULT,ONSALE,COMBINATION,huni_order|huni_item,2,N,Y,Y,huni_item 있음,
136009400,코팅명함,PRD_000032,DEFAULT,ONSALE,COMBINATION,huni_order|huni_item,2,N,Y,Y,huni_item 있음,
136009399,프리미엄명함,PRD_000031,DEFAULT,ONSALE,COMBINATION,huni_order|huni_item,2,N,Y,Y,huni_item 있음,
136009398,족자포스터,PRD_000135,DEFAULT,ONSALE,COMBINATION,huni_order|huni_item,2,N,Y,Y,huni_item 있음,
136009397,캔버스 행잉포스터,PRD_000133,DEFAULT,ONSALE,COMBINATION,huni_order|huni_item,2,N,Y,Y,huni_item 있음,
136009394,포맥스보드,PRD_000130,DEFAULT,ONSALE,COMBINATION,huni_order|huni_item,2,N,Y,Y,huni_item 있음,
136009393,폼보드,PRD_000129,DEFAULT,ONSALE,COMBINATION,huni_order|huni_item,2,N,Y,Y,huni_item 있음,
136009392,캔버스패브릭포스터,PRD_000125,DEFAULT,ONSALE,COMBINATION,huni_order|huni_item,2,N,Y,Y,huni_item 있음,
136009391,린넨패브릭포스터,PRD_000124,DEFAULT,ONSALE,COMBINATION,huni_order|huni_item,2,N,Y,Y,huni_item 있음,
136009388,아트패브릭포스터,PRD_000123,DEFAULT,ONSALE,COMBINATION,huni_order|huni_item,2,N,Y,Y,huni_item 있음,
136009387,접착투명포스터,PRD_000122,DEFAULT,ONSALE,COMBINATION,huni_order|huni_item,2,N,Y,Y,huni_item 있음,
136009386,접착방수포스터,PRD_000121,DEFAULT,ONSALE,COMBINATION,huni_order|huni_item,2,N,Y,Y,huni_item 있음,
136009385,방수포스터,PRD_000120,DEFAULT,ONSALE,COMBINATION,huni_order|huni_item,2,N,Y,Y,huni_item 있음,
136009383,아트페이퍼포스터,PRD_000119,DEFAULT,ONSALE,COMBINATION,huni_order|huni_item,2,N,Y,Y,huni_item 있음,
136009381,아트프린트포스터,PRD_000118,DEFAULT,ONSALE,COMBINATION,huni_order|huni_item,2,N,Y,Y,huni_item 있음,
136009380,메쉬에코백,PRD_000279,DEFAULT,ONSALE,COMBINATION,huni_order|huni_item,2,N,Y,Y,huni_item 있음,
136009379,메쉬토트백,PRD_000278,DEFAULT,ONSALE,COMBINATION,huni_order|huni_item,2,N,Y,Y,huni_item 있음,
136009378,타이벡보냉에코백,PRD_000277,DEFAULT,ONSALE,COMBINATION,huni_order|huni_item,2,N,Y,Y,huni_item 있음,
136009376,타이벡보냉미니백,PRD_000275,DEFAULT,ONSALE,COMBINATION,huni_order|huni_item,2,N,Y,Y,huni_item 있음,
136009374,타이벡보냉보틀백,PRD_000274,DEFAULT,ONSALE,COMBINATION,huni_order|huni_item,2,N,Y,Y,huni_item 있음,
136009373,타이벡양면백팩,PRD_000273,DEFAULT,ONSALE,COMBINATION,huni_order|huni_item,2,N,Y,Y,huni_item 있음,
136009372,캔버스 포켓숄더백,PRD_000272,DEFAULT,ONSALE,COMBINATION,huni_order|huni_item,2,N,Y,Y,huni_item 있음,
136009370,캔버스숄더백,PRD_000271,DEFAULT,ONSALE,COMBINATION,huni_order|huni_item,2,N,Y,Y,huni_item 있음,
136009369,캔버스에코백,PRD_000270,DEFAULT,ONSALE,COMBINATION,huni_order|huni_item,2,N,Y,Y,huni_item 있음,
136009367,캔버스 포켓심플백,PRD_000269,DEFAULT,ONSALE,COMBINATION,huni_order|huni_item,2,N,Y,Y,huni_item 있음,
136009366,캔버스심플백,PRD_000268,DEFAULT,ONSALE,COMBINATION,huni_order|huni_item,2,N,Y,Y,huni_item 있음,
136009365,린넨 에코백,PRD_000267,DEFAULT,ONSALE,COMBINATION,huni_order|huni_item,2,N,Y,Y,huni_item 있음,
136009364,린넨 토트백,PRD_000266,DEFAULT,ONSALE,COMBINATION,huni_order|huni_item,2,N,Y,Y,huni_item 있음,
136009363,린넨 미니에코백,PRD_000265,DEFAULT,ONSALE,COMBINATION,huni_order|huni_item,2,N,Y,Y,huni_item 있음,
136009361,레더숄더백,PRD_000264,DEFAULT,ONSALE,COMBINATION,huni_order|huni_item,2,N,Y,Y,huni_item 있음,
136009360,레더원형필통,PRD_000260-DUP-136009360,DEFAULT,STOP,COMBINATION,,0,N,N,N,둘 다 없음,
136009359,레더볼륨필통,PRD_000259-DUP-136009359,DEFAULT,STOP,COMBINATION,,0,N,N,N,둘 다 없음,
136009358,레더삼각필통,PRD_000258-DUP-136009358,DEFAULT,STOP,COMBINATION,,0,N,N,N,둘 다 없음,
136009357,레더슬림필통,PRD_000257-DUP-136009357,DEFAULT,STOP,COMBINATION,,0,N,N,N,둘 다 없음,
136009355,레더플랫필통,PRD_000256-DUP-136009355,DEFAULT,STOP,COMBINATION,,0,N,N,N,둘 다 없음,
136009354,레더원형미니파우치,PRD_000255,DEFAULT,ONSALE,COMBINATION,huni_order|huni_item,2,N,Y,Y,huni_item 있음,
136009352,레더볼륨미니파우치,PRD_000254,DEFAULT,ONSALE,COMBINATION,huni_order|huni_item,2,N,Y,Y,huni_item 있음,
136009351,레더삼각미니파우치,PRD_000253,DEFAULT,ONSALE,COMBINATION,huni_order|huni_item,2,N,Y,Y,huni_item 있음,
136009350,레더슬림미니파우치,PRD_000252-DUP-136009350,DEFAULT,STOP,COMBINATION,,0,N,N,N,둘 다 없음,
136009347,레더플랫미니파우치,PRD_000251-DUP-136009347,DEFAULT,STOP,COMBINATION,,0,N,N,N,둘 다 없음,
136009346,메쉬볼륨파우치,PRD_000250,DEFAULT,ONSALE,COMBINATION,huni_order|huni_item,2,N,Y,Y,huni_item 있음,
136009345,메쉬슬림파우치,PRD_000249-DUP-136009345,DEFAULT,STOP,COMBINATION,,0,N,N,N,둘 다 없음,
136009344,타이벡플랫클러치,PRD_000248,DEFAULT,ONSALE,COMBINATION,huni_order|huni_item,2,N,Y,Y,huni_item 있음,
136009342,타이벡스트링파우치,PRD_000247,DEFAULT,ONSALE,COMBINATION,huni_order|huni_item,2,N,Y,Y,huni_item 있음,
136009340,타이벡삼각파우치,PRD_000246,DEFAULT,ONSALE,COMBINATION,huni_order|huni_item,2,N,Y,Y,huni_item 있음,
136009339,타이벡슬림파우치,PRD_000245,DEFAULT,ONSALE,COMBINATION,huni_order|huni_item,2,N,Y,Y,huni_item 있음,
136009337,타이벡플랫파우치,PRD_000244,DEFAULT,ONSALE,COMBINATION,huni_order|huni_item,2,N,Y,Y,huni_item 있음,
136009336,린넨 스트링 파우치,PRD_000243,DEFAULT,ONSALE,COMBINATION,huni_order|huni_item,2,N,Y,Y,huni_item 있음,
136009335,광목 스트링 라벨파우치,PRD_000242,DEFAULT,ONSALE,COMBINATION,huni_order|huni_item,2,N,Y,Y,huni_item 있음,
136009332,캔버스 스트랩 라벨파우치,PRD_000241,DEFAULT,ONSALE,COMBINATION,huni_order|huni_item,2,N,Y,Y,huni_item 있음,
136009331,캔버스 삼각 파우치,PRD_000240,DEFAULT,ONSALE,COMBINATION,huni_order|huni_item,2,N,Y,Y,huni_item 있음,
136009330,캔버스 플랫 파우치,PRD_000239,DEFAULT,ONSALE,COMBINATION,huni_order|huni_item,2,N,Y,Y,huni_item 있음,
136009329,레더 아이패드/노트북 파우치,PRD_000238,DEFAULT,ONSALE,COMBINATION,huni_order|huni_item,2,N,Y,Y,huni_item 있음,
136009327,레더삼각클러치,PRD_000237-DUP-136009327,DEFAULT,STOP,COMBINATION,,0,N,N,N,둘 다 없음,
136009325,레더플랫클러치,PRD_000236,DEFAULT,ONSALE,COMBINATION,huni_order|huni_item,2,N,Y,Y,huni_item 있음,
136009324,레더스트링원형파우치,PRD_000235,DEFAULT,ONSALE,COMBINATION,huni_order|huni_item,2,N,Y,Y,huni_item 있음,
136009322,레더스트링파우치,PRD_000234-DUP-136009322,DEFAULT,STOP,COMBINATION,,0,N,N,N,둘 다 없음,
136009321,레더볼륨파우치,PRD_000233-DUP-136009321,DEFAULT,STOP,COMBINATION,,0,N,N,N,둘 다 없음,
136009319,레더삼각파우치,PRD_000232,DEFAULT,ONSALE,COMBINATION,huni_order|huni_item,2,N,Y,Y,huni_item 있음,
136009318,레더슬림파우치,PRD_000231-DUP-136009318,DEFAULT,STOP,COMBINATION,,0,N,N,N,둘 다 없음,
136009317,레더플랫파우치,PRD_000230,DEFAULT,ONSALE,COMBINATION,huni_order|huni_item,2,N,Y,Y,huni_item 있음,
136009316,아크릴카라비너,PRD_000166-DUP-136009316,DEFAULT,STOP,COMBINATION,,0,N,N,N,둘 다 없음,
136009315,아크릴미니파츠,PRD_000163-DUP-136009315,DEFAULT,STOP,COMBINATION,,0,N,N,N,둘 다 없음,
136009313,아크릴포카스탠드,PRD_000162-DUP-136009313,DEFAULT,STOP,COMBINATION,,0,N,N,N,둘 다 없음,
136009311,판아크릴,PRD_000161-DUP-136009311,DEFAULT,STOP,COMBINATION,,0,N,N,N,둘 다 없음,
136009310,아크릴자유형스탠드,PRD_000160-DUP-136009310,DEFAULT,STOP,COMBINATION,,0,N,N,N,둘 다 없음,
136009309,아크릴 포카키링,PRD_000158-DUP-136009309,DEFAULT,STOP,COMBINATION,,0,N,N,N,둘 다 없음,
136009307,아크릴네임택,PRD_000157-DUP-136009307,DEFAULT,STOP,COMBINATION,,0,N,N,N,둘 다 없음,
136009306,아크릴지비츠,PRD_000156-DUP-136009306,DEFAULT,STOP,COMBINATION,,0,N,N,N,둘 다 없음,
136009305,아크릴볼펜,PRD_000155-DUP-136009305,DEFAULT,STOP,COMBINATION,,0,N,N,N,둘 다 없음,
136009302,아크릴 머리끈,PRD_000154-DUP-136009302,DEFAULT,STOP,COMBINATION,,0,N,N,N,둘 다 없음,
136009301,아크릴명찰(골드실버),PRD_000153-DUP-136009301,DEFAULT,STOP,COMBINATION,,0,N,N,N,둘 다 없음,
136009300,아크릴명찰,PRD_000152-DUP-136009300,DEFAULT,STOP,COMBINATION,,0,N,N,N,둘 다 없음,
136009299,아크릴스마트톡,PRD_000150-DUP-136009299,DEFAULT,STOP,COMBINATION,,0,N,N,N,둘 다 없음,
136009297,아크릴집게,PRD_000149-DUP-136009297,DEFAULT,STOP,COMBINATION,,0,N,N,N,둘 다 없음,
136009295,아크릴뱃지,PRD_000148-DUP-136009295,DEFAULT,STOP,COMBINATION,,0,N,N,N,둘 다 없음,
136009294,아크릴마그넷,PRD_000147-DUP-136009294,DEFAULT,STOP,COMBINATION,,0,N,N,N,둘 다 없음,
136009293,아크릴키링,PRD_000146-DUP-136009293,DEFAULT,STOP,COMBINATION,,0,N,N,N,둘 다 없음,
136009291,타투스티커,PRD_000067,DEFAULT,ONSALE,COMBINATION,huni_order|huni_item,2,N,Y,Y,huni_item 있음,
136009290,합판도무송스티커,PRD_000066,DEFAULT,ONSALE,COMBINATION,huni_order|huni_item,2,N,Y,Y,huni_item 있음,
136009289,스티커팩,PRD_000065,DEFAULT,ONSALE,COMBINATION,huni_order|huni_item,2,N,Y,Y,huni_item 있음,
136009287,반칼팬시스티커,PRD_000062,DEFAULT,ONSALE,COMBINATION,huni_order|huni_item,2,N,Y,Y,huni_item 있음,
136009285,반칼띠지스티커,PRD_000061,DEFAULT,ONSALE,COMBINATION,huni_order|huni_item,2,N,Y,Y,huni_item 있음,
136009284,반칼직사각스티커,PRD_000060,DEFAULT,ONSALE,COMBINATION,huni_order|huni_item,2,N,Y,Y,huni_item 있음,
136009283,반칼정사각스티커,PRD_000059,DEFAULT,ONSALE,COMBINATION,huni_order|huni_item,2,N,Y,Y,huni_item 있음,
136009282,반칼원형스티커,PRD_000058,DEFAULT,ONSALE,COMBINATION,huni_order|huni_item,2,N,Y,Y,huni_item 있음,
136009279,대형 자유형 스티커,PRD_000057,DEFAULT,ONSALE,COMBINATION,huni_order|huni_item,2,N,Y,Y,huni_item 있음,
136009278,낱장 자유형 투명스티커,PRD_000056,DEFAULT,ONSALE,COMBINATION,huni_order|huni_item,2,N,Y,Y,huni_item 있음,
136009277,낱장 자유형 스티커,PRD_000055,DEFAULT,ONSALE,COMBINATION,huni_order|huni_item,2,N,Y,Y,huni_item 있음,
136009276,반칼 자유형 홀로그램스티커,PRD_000054,DEFAULT,ONSALE,COMBINATION,huni_order|huni_item,2,N,Y,Y,huni_item 있음,
136009274,반칼 자유형 투명스티커,PRD_000053,DEFAULT,ONSALE,COMBINATION,huni_order|huni_item,2,N,Y,Y,huni_item 있음,
136009273,반칼 자유형 스티커,PRD_000052,DEFAULT,ONSALE,COMBINATION,huni_order|huni_item,2,N,Y,Y,huni_item 있음,
136009272,이미지피켓,PRD_000229,DEFAULT,ONSALE,COMBINATION,huni_order|huni_item,2,N,Y,Y,huni_item 있음,
136009270,말랑여권케이스,PRD_000225,DEFAULT,ONSALE,COMBINATION,huni_order|huni_item,2,N,Y,Y,huni_item 있음,
136009269,말랑네임택,PRD_000224,DEFAULT,ONSALE,COMBINATION,huni_order|huni_item,2,N,Y,Y,huni_item 있음,
136009268,말랑포카홀더,PRD_000223-DUP-136009268,DEFAULT,STOP,COMBINATION,,0,N,N,N,둘 다 없음,
136009265,말랑키링,PRD_000221,DEFAULT,ONSALE,COMBINATION,huni_order|huni_item,2,N,Y,Y,huni_item 있음,
136009264,폰스트랩,PRD_000220,DEFAULT,ONSALE,COMBINATION,huni_order|huni_item,2,N,Y,Y,huni_item 있음,
136009263,밴드톡,PRD_000219,DEFAULT,ONSALE,COMBINATION,huni_order|huni_item,2,N,Y,Y,huni_item 있음,
136009262,극세사클리너,PRD_000212,DEFAULT,ONSALE,COMBINATION,huni_order|huni_item,2,N,Y,Y,huni_item 있음,
136009260,후드티셔츠,PRD_000209,DEFAULT,ONSALE,COMBINATION,huni_order|huni_item,2,N,Y,Y,huni_item 있음,
136009259,반팔티셔츠,PRD_000206,DEFAULT,ONSALE,COMBINATION,huni_order|huni_item,2,N,Y,Y,huni_item 있음,
136009257,양말,PRD_000205,DEFAULT,ONSALE,COMBINATION,huni_order|huni_item,2,N,Y,Y,huni_item 있음,
136009256,레더스트랩키링,PRD_000201,DEFAULT,ONSALE,COMBINATION,huni_order|huni_item,2,N,Y,Y,huni_item 있음,
136009254,핀버튼,PRD_000200,DEFAULT,ONSALE,COMBINATION,huni_order|huni_item,2,N,Y,Y,huni_item 있음,
136009253,피크닉매트,PRD_000198,DEFAULT,ONSALE,COMBINATION,huni_order|huni_item,2,N,Y,Y,huni_item 있음,
136009252,미니매트,PRD_000197,DEFAULT,ONSALE,COMBINATION,huni_order|huni_item,2,N,Y,Y,huni_item 있음,
136009250,레더여권케이스,PRD_000196,DEFAULT,ONSALE,COMBINATION,huni_order|huni_item,2,N,Y,Y,huni_item 있음,
136009249,벨벳쿠션,PRD_000195,DEFAULT,ONSALE,COMBINATION,huni_order|huni_item,2,N,Y,Y,huni_item 있음,
136009247,워터북보틀,PRD_000194,DEFAULT,ONSALE,COMBINATION,huni_order|huni_item,2,N,Y,Y,huni_item 있음,
136009246,머그컵,PRD_000193,DEFAULT,ONSALE,COMBINATION,huni_order|huni_item,2,N,Y,Y,huni_item 있음,
136009245,규조토코스터,PRD_000192,DEFAULT,ONSALE,COMBINATION,huni_order|huni_item,2,N,Y,Y,huni_item 있음,
136009242,린넨패브릭코스터,PRD_000191,DEFAULT,ONSALE,COMBINATION,huni_order|huni_item,2,N,Y,Y,huni_item 있음,
136009241,우드코스터,PRD_000190,DEFAULT,ONSALE,COMBINATION,huni_order|huni_item,2,N,Y,Y,huni_item 있음,
136009240,코르크코스터,PRD_000189,DEFAULT,ONSALE,COMBINATION,huni_order|huni_item,2,N,Y,Y,huni_item 있음,
136009239,레더코스터,PRD_000188,DEFAULT,ONSALE,COMBINATION,huni_order|huni_item,2,N,Y,Y,huni_item 있음,
136009237,블랙사각손거울,PRD_000187,DEFAULT,ONSALE,COMBINATION,huni_order|huni_item,2,N,Y,Y,huni_item 있음,
136009235,사각손거울,PRD_000186,DEFAULT,ONSALE,COMBINATION,huni_order|huni_item,2,N,Y,Y,huni_item 있음,
136009234,카드거울,PRD_000185,DEFAULT,ONSALE,COMBINATION,huni_order|huni_item,2,N,Y,Y,huni_item 있음,
136009233,컴팩트거울,PRD_000184,DEFAULT,ONSALE,COMBINATION,huni_order|huni_item,2,N,Y,Y,huni_item 있음,
136009231,틴거울,PRD_000183,DEFAULT,ONSALE,COMBINATION,huni_order|huni_item,2,N,Y,Y,huni_item 있음,
136009229,아크릴코스터,PRD_000159-DUP-136009229,DEFAULT,STOP,COMBINATION,,0,N,N,N,둘 다 없음,
136009228,맥세이프 스마트톡,PRD_000151,DEFAULT,ONSALE,COMBINATION,huni_order|huni_item,2,N,Y,Y,huni_item 있음,
136009227,트레싱지봉투,PRD_000283-DUP-136009227,DEFAULT,STOP,COMBINATION,,0,N,N,N,둘 다 없음,
136009225,라벨/택,PRD_000046-DUP-136009225,DEFAULT,STOP,COMBINATION,,0,N,N,N,둘 다 없음,
136009224,인쇄헤더택,PRD_000045-DUP-136009224,DEFAULT,STOP,COMBINATION,,0,N,N,N,둘 다 없음,
136009223,인쇄배경지(커팅형),PRD_000044-DUP-136009223,DEFAULT,STOP,COMBINATION,,0,N,N,N,둘 다 없음,
136009221,인쇄배경지(일반형),PRD_000043-DUP-136009221,DEFAULT,STOP,COMBINATION,,0,N,N,N,둘 다 없음,
136009219,만년스탬프 리필잉크,PRD_000015-DUP-136009219,DEFAULT,STOP,COMBINATION,,0,N,N,N,둘 다 없음,
136009218,우드행거,PRD_000014-DUP-136009218,DEFAULT,STOP,COMBINATION,,0,N,N,N,둘 다 없음,
136009217,우드봉,PRD_000013-DUP-136009217,DEFAULT,STOP,COMBINATION,,0,N,N,N,둘 다 없음,
136009215,우드거치대,PRD_000012-DUP-136009215,DEFAULT,STOP,COMBINATION,,0,N,N,N,둘 다 없음,
136009213,자석고정용고무판,PRD_000011-DUP-136009213,DEFAULT,STOP,COMBINATION,,0,N,N,N,둘 다 없음,
136009212,행택끈,PRD_000010-DUP-136009212,DEFAULT,STOP,COMBINATION,,0,N,N,N,둘 다 없음,
136009211,투명케이스,PRD_000009-DUP-136009211,DEFAULT,STOP,COMBINATION,,0,N,N,N,둘 다 없음,
136009210,와이어링,PRD_000007-DUP-136009210,DEFAULT,STOP,COMBINATION,,0,N,N,N,둘 다 없음,
136009207,볼체인,PRD_000006-DUP-136009207,DEFAULT,STOP,COMBINATION,,0,N,N,N,둘 다 없음,
136009206,캘린더봉투,PRD_000005-DUP-136009206,DEFAULT,STOP,COMBINATION,,0,N,N,N,둘 다 없음,
136009205,카드봉투,PRD_000004-DUP-136009205,DEFAULT,STOP,COMBINATION,,0,N,N,N,둘 다 없음,
136009203,OPP비접착봉투,PRD_000002-DUP-136009203,DEFAULT,STOP,COMBINATION,,0,N,N,N,둘 다 없음,
136009202,OPP접착봉투,PRD_000001-DUP-136009202,DEFAULT,STOP,COMBINATION,,0,N,N,N,둘 다 없음,
136009200,포토북 [디자인명],PRD_000100-DUP-136009200,DEFAULT,STOP,COMBINATION,,0,N,N,N,둘 다 없음,
136009199,하드커버링책자,PRD_000082,DEFAULT,ONSALE,COMBINATION,huni_order|huni_item,2,N,Y,Y,huni_item 있음,
136009198,트윈링책자,PRD_000071-DUP-136009198,DEFAULT,STOP,COMBINATION,,0,N,N,N,둘 다 없음,
136009197,PUR책자,PRD_000070-DUP-136009197,DEFAULT,STOP,COMBINATION,,0,N,N,N,둘 다 없음,
136009196,무선책자,PRD_000069,DEFAULT,ONSALE,COMBINATION,huni_order|huni_item,2,N,Y,Y,huni_item 있음,
136009195,중철책자,PRD_000068,DEFAULT,ONSALE,COMBINATION,huni_order|huni_item,2,N,Y,Y,huni_item 있음,
136009193,미니배너,PRD_000145-DUP-136009193,DEFAULT,STOP,COMBINATION,,0,N,N,N,둘 다 없음,
136009191,미니보드스탠딩,PRD_000144,DEFAULT,ONSALE,COMBINATION,huni_order|huni_item,2,N,Y,Y,huni_item 있음,
136009190,미러아크릴스티커,PRD_000143,DEFAULT,ONSALE,COMBINATION,huni_order|huni_item,2,N,Y,Y,huni_item 있음,
136009188,유광아크릴스티커,PRD_000142,DEFAULT,ONSALE,COMBINATION,huni_order|huni_item,2,N,Y,Y,huni_item 있음,
136009187,홀로그램 시트커팅,PRD_000141-DUP-136009187,DEFAULT,STOP,COMBINATION,,0,N,N,N,둘 다 없음,
136009186,무광시트커팅,PRD_000140-DUP-136009186,DEFAULT,STOP,COMBINATION,,0,N,N,N,둘 다 없음,
136009185,메쉬현수막,PRD_000139-DUP-136009185,DEFAULT,STOP,COMBINATION,,0,N,N,N,둘 다 없음,
136009182,일반현수막,PRD_000138-DUP-136009182,DEFAULT,STOP,COMBINATION,,0,N,N,N,둘 다 없음,
136009181,메쉬배너,PRD_000137-DUP-136009181,DEFAULT,STOP,COMBINATION,,0,N,N,N,둘 다 없음,
136009180,PET배너,PRD_000136-DUP-136009180,DEFAULT,STOP,COMBINATION,,0,N,N,N,둘 다 없음,
136009179,타이벡북커버,PRD_000218-DUP-136009179,DEFAULT,STOP,COMBINATION,,0,N,N,N,둘 다 없음,
136009177,만년스탬프,PRD_000217,DEFAULT,ONSALE,COMBINATION,huni_order|huni_item,2,N,Y,Y,huni_item 있음,
136009175,투명클립보드,PRD_000216,DEFAULT,ONSALE,COMBINATION,huni_order|huni_item,2,N,Y,Y,huni_item 있음,
136009174,클립보드,PRD_000215,DEFAULT,ONSALE,COMBINATION,huni_order|huni_item,2,N,Y,Y,huni_item 있음,
136009173,자석북마크,PRD_000214,DEFAULT,ONSALE,COMBINATION,huni_order|huni_item,2,N,Y,Y,huni_item 있음,
136009172,틴케이스,PRD_000213,DEFAULT,ONSALE,COMBINATION,huni_order|huni_item,2,N,Y,Y,huni_item 있음,
136009171,장패드,PRD_000211,DEFAULT,ONSALE,COMBINATION,huni_order|huni_item,2,N,Y,Y,huni_item 있음,
136009168,초슬림마우스패드,PRD_000210,DEFAULT,ONSALE,COMBINATION,huni_order|huni_item,2,N,Y,Y,huni_item 있음,
136009167,중철노트,PRD_000181,DEFAULT,ONSALE,COMBINATION,huni_order|huni_item,2,N,Y,Y,huni_item 있음,
136009166,메모패드,PRD_000179,DEFAULT,ONSALE,COMBINATION,huni_order|huni_item,2,N,Y,Y,huni_item 있음,
136009165,스프링수첩,PRD_000178,DEFAULT,ONSALE,COMBINATION,huni_order|huni_item,2,N,Y,Y,huni_item 있음,
136009164,스프링노트,PRD_000177,DEFAULT,ONSALE,COMBINATION,huni_order|huni_item,2,N,Y,Y,huni_item 있음,
136009162,먼슬리플래너,PRD_000176-DUP-136009162,DEFAULT,STOP,COMBINATION,,0,N,N,N,둘 다 없음,
136009160,만년다이어리(레더소프트커버),PRD_000175-DUP-136009160,DEFAULT,STOP,COMBINATION,,0,N,N,N,둘 다 없음,
136009159,만년다이어리(레더하드커버),PRD_000174-DUP-136009159,DEFAULT,STOP,COMBINATION,,0,N,N,N,둘 다 없음,
136009158,만년다이어리(하드커버),PRD_000173-DUP-136009158,DEFAULT,STOP,COMBINATION,,0,N,N,N,둘 다 없음,
136009157,만년다이어리(소프트커버),PRD_000172-DUP-136009157,DEFAULT,STOP,COMBINATION,,0,N,N,N,둘 다 없음,
136009154,떡메모지,PRD_000097,DEFAULT,ONSALE,COMBINATION,huni_order|huni_item,2,N,Y,Y,huni_item 있음,
136009153,레더링바인더,PRD_000088,DEFAULT,ONSALE,COMBINATION,huni_order|huni_item,2,N,Y,Y,huni_item 있음,
136009030,엽서캘린더,PRD_000110,DEFAULT,ONSALE,COMBINATION,huni_order|huni_item,2,N,Y,Y,huni_item 있음,
136009029,레더하드커버책자,PRD_000077,DEFAULT,ONSALE,COMBINATION,huni_order|huni_item,2,N,Y,Y,huni_item 있음,
136009028,하드커버책자,PRD_000072,DEFAULT,ONSALE,COMBINATION,huni_order|huni_item,2,N,Y,Y,huni_item 있음,
136009025,화이트인쇄엽서,PRD_000020,DEFAULT,ONSALE,COMBINATION,huni_order|huni_item,2,N,Y,Y,huni_item 있음,
136009023,투명엽서,PRD_000019,DEFAULT,ONSALE,COMBINATION,huni_order|huni_item,2,N,Y,Y,huni_item 있음,
136009020,프리미엄 쿠폰/상품권,PRD_000042,DEFAULT,ONSALE,COMBINATION,huni_order|huni_item,2,N,Y,Y,huni_item 있음,
136009019,스탠다드 쿠폰/상품권,PRD_000041,DEFAULT,ONSALE,COMBINATION,huni_order|huni_item,2,N,Y,Y,huni_item 있음,
136009013,린넨우드봉족자,PRD_000134,DEFAULT,ONSALE,COMBINATION,huni_order|huni_item,2,N,Y,Y,huni_item 있음,
136009012,레더아트액자,PRD_000132,DEFAULT,ONSALE,COMBINATION,huni_order|huni_item,2,N,Y,Y,huni_item 있음,
136009010,프레임리스우드액자,PRD_000131,DEFAULT,ONSALE,COMBINATION,huni_order|huni_item,2,N,Y,Y,huni_item 있음,
136009008,메쉬프린트,PRD_000128,DEFAULT,ONSALE,COMBINATION,huni_order|huni_item,2,N,Y,Y,huni_item 있음,
136009007,타이벡프린트,PRD_000127,DEFAULT,ONSALE,COMBINATION,huni_order|huni_item,2,N,Y,Y,huni_item 있음,
136009006,레더아트프린트,PRD_000126,DEFAULT,ONSALE,COMBINATION,huni_order|huni_item,2,N,Y,Y,huni_item 있음,
136009000,와이드벽걸이캘린더,PRD_000112,DEFAULT,ONSALE,COMBINATION,huni_order|huni_item,2,N,Y,Y,huni_item 있음,
136008999,벽걸이캘린더,PRD_000111,DEFAULT,ONSALE,COMBINATION,huni_order|huni_item,2,N,Y,Y,huni_item 있음,
136008997,미니탁상형캘린더,PRD_000109,DEFAULT,ONSALE,COMBINATION,huni_order|huni_item,2,N,Y,Y,huni_item 있음,
136008996,탁상형캘린더,PRD_000108,DEFAULT,ONSALE,COMBINATION,huni_order|huni_item,2,N,Y,Y,huni_item 있음,
136008995,레더라벨제작,PRD_000280,DEFAULT,ONSALE,COMBINATION,huni_order|huni_item,2,N,Y,Y,huni_item 있음,
136008992,타이벡에코백,PRD_000276,DEFAULT,ONSALE,COMBINATION,huni_order|huni_item,2,N,Y,Y,huni_item 있음,
136008987,레더토트백,PRD_000263,DEFAULT,ONSALE,COMBINATION,huni_order|huni_item,2,N,Y,Y,huni_item 있음,
136008986,레더원형필통,PRD_000260,DEFAULT,ONSALE,COMBINATION,huni_order|huni_item,2,N,Y,Y,huni_item 있음,
136008985,레더볼륨필통,PRD_000259,DEFAULT,ONSALE,COMBINATION,huni_order|huni_item,2,N,Y,Y,huni_item 있음,
136008984,레더삼각필통,PRD_000258,DEFAULT,ONSALE,COMBINATION,huni_order|huni_item,2,N,Y,Y,huni_item 있음,
136008982,레더슬림필통,PRD_000257,DEFAULT,ONSALE,COMBINATION,huni_order|huni_item,2,N,Y,Y,huni_item 있음,
136008981,레더플랫필통,PRD_000256,DEFAULT,ONSALE,COMBINATION,huni_order|huni_item,2,N,Y,Y,huni_item 있음,
136008978,레더슬림미니파우치,PRD_000252,DEFAULT,ONSALE,COMBINATION,huni_order|huni_item,2,N,Y,Y,huni_item 있음,
136008977,레더플랫미니파우치,PRD_000251,DEFAULT,ONSALE,COMBINATION,huni_order|huni_item,2,N,Y,Y,huni_item 있음,
136008975,메쉬슬림파우치,PRD_000249,DEFAULT,ONSALE,COMBINATION,huni_order|huni_item,2,N,Y,Y,huni_item 있음,
136008970,레더삼각클러치,PRD_000237,DEFAULT,ONSALE,COMBINATION,huni_order|huni_item,2,N,Y,Y,huni_item 있음,
136008967,레더스트링파우치,PRD_000234,DEFAULT,ONSALE,COMBINATION,huni_order|huni_item,2,N,Y,Y,huni_item 있음,
136008966,레더볼륨파우치,PRD_000233,DEFAULT,ONSALE,COMBINATION,huni_order|huni_item,2,N,Y,Y,huni_item 있음,
136008964,레더슬림파우치,PRD_000231,DEFAULT,ONSALE,COMBINATION,huni_order|huni_item,2,N,Y,Y,huni_item 있음,
136008963,아크릴카라비너,PRD_000166,DEFAULT,ONSALE,COMBINATION,huni_order|huni_item,2,N,Y,Y,huni_item 있음,
136008961,아크릴미니파츠,PRD_000163,DEFAULT,ONSALE,COMBINATION,huni_order|huni_item,2,N,Y,Y,huni_item 있음,
136008959,아크릴포카스탠드,PRD_000162,DEFAULT,ONSALE,COMBINATION,huni_order|huni_item,2,N,Y,Y,huni_item 있음,
136008958,판아크릴,PRD_000161,DEFAULT,ONSALE,COMBINATION,huni_order|huni_item,2,N,Y,Y,huni_item 있음,
136008957,아크릴자유형스탠드,PRD_000160,DEFAULT,ONSALE,COMBINATION,huni_order|huni_item,2,N,Y,Y,huni_item 있음,
136008956,아크릴 포카키링,PRD_000158,DEFAULT,ONSALE,COMBINATION,huni_order|huni_item,2,N,Y,Y,huni_item 있음,
136008954,아크릴네임택,PRD_000157,DEFAULT,ONSALE,COMBINATION,huni_order|huni_item,2,N,Y,Y,huni_item 있음,
136008953,아크릴지비츠,PRD_000156,DEFAULT,ONSALE,COMBINATION,huni_order|huni_item,2,N,Y,Y,huni_item 있음,
136008951,아크릴볼펜,PRD_000155,DEFAULT,ONSALE,COMBINATION,huni_order|huni_item,2,N,Y,Y,huni_item 있음,
136008950,아크릴 머리끈,PRD_000154,DEFAULT,ONSALE,COMBINATION,huni_order|huni_item,2,N,Y,Y,huni_item 있음,
136008948,아크릴명찰(골드실버),PRD_000153,DEFAULT,ONSALE,COMBINATION,huni_order|huni_item,2,N,Y,Y,huni_item 있음,
136008947,아크릴명찰,PRD_000152,DEFAULT,ONSALE,COMBINATION,huni_order|huni_item,2,N,Y,Y,huni_item 있음,
136008946,아크릴스마트톡,PRD_000150,DEFAULT,ONSALE,COMBINATION,huni_order|huni_item,2,N,Y,Y,huni_item 있음,
136008944,아크릴집게,PRD_000149,DEFAULT,ONSALE,COMBINATION,huni_order|huni_item,2,N,Y,Y,huni_item 있음,
136008942,아크릴뱃지,PRD_000148,DEFAULT,ONSALE,COMBINATION,huni_order|huni_item,2,N,Y,Y,huni_item 있음,
136008941,아크릴마그넷,PRD_000147,DEFAULT,ONSALE,COMBINATION,huni_order|huni_item,2,N,Y,Y,huni_item 있음,
136008940,아크릴키링,PRD_000146,DEFAULT,ONSALE,COMBINATION,huni_order|huni_item,2,N,Y,Y,huni_item 있음,
136008932,말랑포카홀더,PRD_000223,DEFAULT,ONSALE,COMBINATION,huni_order|huni_item,2,N,Y,Y,huni_item 있음,
136008923,아크릴코스터,PRD_000159,DEFAULT,ONSALE,COMBINATION,huni_order|huni_item,2,N,Y,Y,huni_item 있음,
136008920,트레싱지봉투,PRD_000283,DEFAULT,ONSALE,COMBINATION,huni_order|huni_item,2,N,Y,Y,huni_item 있음,
136008919,라벨/택,PRD_000046,DEFAULT,ONSALE,COMBINATION,huni_order|huni_item,2,N,Y,Y,huni_item 있음,
136008918,인쇄헤더택,PRD_000045,DEFAULT,ONSALE,COMBINATION,huni_order|huni_item,2,N,Y,Y,huni_item 있음,
136008917,인쇄배경지(커팅형),PRD_000044,DEFAULT,ONSALE,COMBINATION,huni_order|huni_item,2,N,Y,Y,huni_item 있음,
136008915,인쇄배경지(일반형),PRD_000043,DEFAULT,ONSALE,COMBINATION,huni_order|huni_item,2,N,Y,Y,huni_item 있음,
136008913,만년스탬프 리필잉크,PRD_000015,DEFAULT,ONSALE,COMBINATION,huni_order|huni_item,2,N,Y,Y,huni_item 있음,
136008912,우드행거,PRD_000014,DEFAULT,ONSALE,COMBINATION,huni_order|huni_item,2,N,Y,Y,huni_item 있음,
136008911,우드봉,PRD_000013,DEFAULT,ONSALE,COMBINATION,huni_order|huni_item,2,N,Y,Y,huni_item 있음,
136008909,우드거치대,PRD_000012,DEFAULT,ONSALE,COMBINATION,huni_order|huni_item,2,N,Y,Y,huni_item 있음,
136008908,자석고정용고무판,PRD_000011,DEFAULT,ONSALE,COMBINATION,huni_order|huni_item,2,N,Y,Y,huni_item 있음,
136008906,행택끈,PRD_000010,DEFAULT,ONSALE,COMBINATION,huni_order|huni_item,2,N,Y,Y,huni_item 있음,
136008905,투명케이스,PRD_000009,DEFAULT,ONSALE,COMBINATION,huni_order|huni_item,2,N,Y,Y,huni_item 있음,
136008904,와이어링,PRD_000007,DEFAULT,ONSALE,COMBINATION,huni_order|huni_item,2,N,Y,Y,huni_item 있음,
136008902,볼체인,PRD_000006,DEFAULT,ONSALE,COMBINATION,huni_order|huni_item,2,N,Y,Y,huni_item 있음,
136008901,캘린더봉투,PRD_000005,DEFAULT,ONSALE,COMBINATION,huni_order|huni_item,2,N,Y,Y,huni_item 있음,
136008899,카드봉투,PRD_000004,DEFAULT,ONSALE,COMBINATION,huni_order|huni_item,2,N,Y,Y,huni_item 있음,
136008897,OPP비접착봉투,PRD_000002,DEFAULT,ONSALE,COMBINATION,huni_order|huni_item,2,N,Y,Y,huni_item 있음,
136008896,OPP접착봉투,PRD_000001,DEFAULT,ONSALE,COMBINATION,huni_order|huni_item,2,N,Y,Y,huni_item 있음,
136008895,포토북 [디자인명],PRD_000100,DEFAULT,ONSALE,COMBINATION,huni_order|huni_item,2,N,Y,Y,huni_item 있음,
136008893,트윈링책자,PRD_000071,DEFAULT,ONSALE,COMBINATION,huni_order|huni_item,2,N,Y,Y,huni_item 있음,
136008891,PUR책자,PRD_000070,DEFAULT,ONSALE,COMBINATION,huni_order|huni_item,2,N,Y,Y,huni_item 있음,
136008889,미니배너,PRD_000145,DEFAULT,ONSALE,COMBINATION,huni_order|huni_item,2,N,Y,Y,huni_item 있음,
136008886,홀로그램 시트커팅,PRD_000141,DEFAULT,ONSALE,COMBINATION,huni_order|huni_item,2,N,Y,Y,huni_item 있음,
136008885,무광시트커팅,PRD_000140,DEFAULT,ONSALE,COMBINATION,huni_order|huni_item,2,N,Y,Y,huni_item 있음,
136008884,메쉬현수막,PRD_000139,DEFAULT,ONSALE,COMBINATION,huni_order|huni_item,2,N,Y,Y,huni_item 있음,
136008883,일반현수막,PRD_000138,DEFAULT,ONSALE,COMBINATION,huni_order|huni_item,2,N,Y,Y,huni_item 있음,
136008880,메쉬배너,PRD_000137,DEFAULT,ONSALE,COMBINATION,huni_order|huni_item,2,N,Y,Y,huni_item 있음,
136008879,PET배너,PRD_000136,DEFAULT,ONSALE,COMBINATION,huni_order|huni_item,2,N,Y,Y,huni_item 있음,
136008878,타이벡북커버,PRD_000218,DEFAULT,ONSALE,COMBINATION,huni_order|huni_item,2,N,Y,Y,huni_item 있음,
136008872,먼슬리플래너,PRD_000176,DEFAULT,ONSALE,COMBINATION,huni_order|huni_item,2,N,Y,Y,huni_item 있음,
136008871,만년다이어리(레더소프트커버),PRD_000175,DEFAULT,ONSALE,COMBINATION,huni_order|huni_item,2,N,Y,Y,huni_item 있음,
136008870,만년다이어리(레더하드커버),PRD_000174,DEFAULT,ONSALE,COMBINATION,huni_order|huni_item,2,N,Y,Y,huni_item 있음,
136008868,만년다이어리(하드커버),PRD_000173,DEFAULT,ONSALE,COMBINATION,huni_order|huni_item,2,N,Y,Y,huni_item 있음,
136008703,만년다이어리(소프트커버),PRD_000172,DEFAULT,ONSALE,COMBINATION,huni_order|huni_item,2,N,Y,Y,huni_item 있음,
132773416,3단접지카드,PRD_000029,DEFAULT,ONSALE,DEFAULT,huni_order|huni_item,2,N,Y,Y,huni_item 있음,
132773415,2단접지카드,PRD_000027,DEFAULT,ONSALE,DEFAULT,huni_order|huni_item,2,N,Y,Y,huni_item 있음,
132773414,스탠다드엽서,PRD_000018,DEFAULT,ONSALE,DEFAULT,huni_order|huni_item,2,N,Y,Y,huni_item 있음,
132773413,코팅엽서,PRD_000017,DEFAULT,ONSALE,DEFAULT,huni_order|huni_item,2,N,Y,Y,huni_item 있음,
132773412,프리미엄엽서,PRD_000016,DEFAULT,ONSALE,COMBINATION,huni_order|huni_item,2,N,Y,Y,huni_item 있음,
132481433,투명포토카드,PRD_000025,DEFAULT,ONSALE,DEFAULT,huni_order|huni_item,2,N,Y,Y,huni_item 있음,
