적용일,옵션코드,수량(이상),단가,비고
,OPV_000624,1,0,권위 아크릴 r69~r94 · 아크릴키링
,OPV_000627,1,300,권위 아크릴 r69~r94 · 아크릴키링
,OPV_000625,1,1100,권위 아크릴 r69~r94 · 아크릴키링
,OPV_000626,1,1200,권위 아크릴 r69~r94 · 아크릴키링
,OPV_001021,1,600,권위 아크릴 r69~r94 · 아크릴뱃지
,OPV_001022,1,1000,권위 아크릴 r69~r94 · 아크릴뱃지
,OPV_001020,1,800,권위 아크릴 r69~r94 · 아크릴마그넷
,OPV_001023,1,700,권위 아크릴 r69~r94 · 아크릴집게
,OPV_001025,1,700,권위 아크릴 r69~r94 · 아크릴명찰
,OPV_001026,1,1700,권위 아크릴 r69~r94 · 아크릴명찰
,OPV_000966,1,2600,권위 아크릴 r69~r94 · 아크릴스마트톡
,OPV_000967,1,3000,권위 아크릴 r69~r94 · 아크릴스마트톡
,OPV_001029,1,200,권위 아크릴 r69~r94 · 아크릴지비츠(슈츠참)
,OPV_001030,1,600,권위 아크릴 r69~r94 · 아크릴지비츠(슈츠참)
,OPV_001031,1,500,권위 아크릴 r69~r94 · 아크릴머리끈
,OPV_000922,1,0,권위 아크릴 r69~r94 · 아크릴카리비너(고리)
,OPV_000923,1,0,권위 아크릴 r69~r94 · 아크릴카리비너(고리)
,OPV_000925,1,0,권위 아크릴 r69~r94 · 아크릴카리비너(고리)
,OPV_000924,1,0,권위 아크릴 r69~r94 · 아크릴카리비너(고리)
,OPV_000926,1,0,권위 아크릴 r69~r94 · 아크릴카리비너(고리)
,OPV_000927,1,0,권위 아크릴 r69~r94 · 아크릴카리비너(고리)
,OPV_000928,1,0,권위 아크릴 r69~r94 · 아크릴카리비너(고리)
