적용일,자재,사이즈가로(이하),사이즈세로(이하),수량(이상),단가,비고
,,600,600,1,12000,권위 포스터사인 r61~r74
,,800,600,1,12000,권위 포스터사인 r61~r74
,,1000,600,1,20000,권위 포스터사인 r61~r74
,,1200,600,1,20000,권위 포스터사인 r61~r74
,,600,800,1,12000,권위 포스터사인 r61~r74
,,800,800,1,20000,권위 포스터사인 r61~r74
,,1000,800,1,20000,권위 포스터사인 r61~r74
,,1200,800,1,20000,권위 포스터사인 r61~r74
,,600,1000,1,20000,권위 포스터사인 r61~r74
,,800,1000,1,20000,권위 포스터사인 r61~r74
,,1000,1000,1,20000,권위 포스터사인 r61~r74
,,1200,1000,1,24000,권위 포스터사인 r61~r74
,,600,1200,1,20000,권위 포스터사인 r61~r74
,,800,1200,1,20000,권위 포스터사인 r61~r74
,,1000,1200,1,24000,권위 포스터사인 r61~r74
,,1200,1200,1,28800,권위 포스터사인 r61~r74
,,600,1400,1,20000,권위 포스터사인 r61~r74
,,800,1400,1,22400,권위 포스터사인 r61~r74
,,1000,1400,1,28000,권위 포스터사인 r61~r74
,,1200,1400,1,33600,권위 포스터사인 r61~r74
,,600,1600,1,20000,권위 포스터사인 r61~r74
,,800,1600,1,25600,권위 포스터사인 r61~r74
,,1000,1600,1,32000,권위 포스터사인 r61~r74
,,1200,1600,1,38400,권위 포스터사인 r61~r74
,,600,1800,1,21600,권위 포스터사인 r61~r74
,,800,1800,1,28800,권위 포스터사인 r61~r74
,,1000,1800,1,36000,권위 포스터사인 r61~r74
,,1200,1800,1,43200,권위 포스터사인 r61~r74
,,600,2000,1,24000,권위 포스터사인 r61~r74
,,800,2000,1,32000,권위 포스터사인 r61~r74
,,1000,2000,1,40000,권위 포스터사인 r61~r74
,,1200,2000,1,48000,권위 포스터사인 r61~r74
,,600,2200,1,26400,권위 포스터사인 r61~r74
,,800,2200,1,35200,권위 포스터사인 r61~r74
,,1000,2200,1,44000,권위 포스터사인 r61~r74
,,1200,2200,1,52800,권위 포스터사인 r61~r74
,,600,2400,1,28800,권위 포스터사인 r61~r74
,,800,2400,1,38400,권위 포스터사인 r61~r74
,,1000,2400,1,48000,권위 포스터사인 r61~r74
,,1200,2400,1,57600,권위 포스터사인 r61~r74
,,600,2600,1,31200,권위 포스터사인 r61~r74
,,800,2600,1,41600,권위 포스터사인 r61~r74
,,1000,2600,1,52000,권위 포스터사인 r61~r74
,,1200,2600,1,62400,권위 포스터사인 r61~r74
,,600,2800,1,33600,권위 포스터사인 r61~r74
,,800,2800,1,44800,권위 포스터사인 r61~r74
,,1000,2800,1,56000,권위 포스터사인 r61~r74
,,1200,2800,1,67200,권위 포스터사인 r61~r74
,,600,3000,1,36000,권위 포스터사인 r61~r74
,,800,3000,1,48000,권위 포스터사인 r61~r74
,,1000,3000,1,60000,권위 포스터사인 r61~r74
,,1200,3000,1,72000,권위 포스터사인 r61~r74
