sheet,block_id,title,geometry,band_depth,n_rows,n_cols,n_cells,header_row,source_file,notes
아크릴,B01,투명아크릴3T (직접입력형) 양면9도 / 단면7도 통용 단가,recovered,1,14,14,196,2,price-acrylic-price-l1.csv,"data_start_row=None — header_rows[0]=2 만 헤더로 복구, 데이터행 14개"
아크릴,B02,투명아크릴1.5T (직접입력형) 양면9도 / 단면7도 통용 단가,recovered,1,9,9,81,22,price-acrylic-price-l1.csv,"data_start_row=None — header_rows[0]=22 만 헤더로 복구, 데이터행 9개"
아크릴,B03,미러아크릴3T (직접입력형) 전면5도 통용 단가,recovered,1,9,9,81,36,price-acrylic-price-l1.csv,"data_start_row=None — header_rows[0]=36 만 헤더로 복구, 데이터행 9개"
아크릴,B04,아크릴상품 수량별 구간할인,recovered,1,18,1,6,50,price-acrylic-price-l1.csv,"data_start_row=None — header_rows[0]=50 만 헤더로 복구, 데이터행 34개"
아크릴,B05,아크릴코롯토,recovered,1,6,6,36,91,price-acrylic-price-l1.csv,"data_start_row=None — header_rows[0]=91 만 헤더로 복구, 데이터행 6개"
아크릴,B06,아크릴카라비너 (투명아크릴 3T+3T 접합),recovered,1,4,1,4,103,price-acrylic-price-l1.csv,"data_start_row=None — header_rows[0]=103 만 헤더로 복구, 데이터행 4개"
아크릴,B07,아크릴카라비너 수량별 구간할인,recovered,1,3,2,3,103,price-acrylic-price-l1.csv,"data_start_row=None — header_rows[0]=103 만 헤더로 복구, 데이터행 3개"
제본,B01,제본비,declared,1,8,4,32,2,price-binding-l1.csv,
제본,B02,하드커버 제본비,declared,1,6,3,18,15,price-binding-l1.csv,
제본,B03,캘린더 제본비,declared,1,6,4,24,26,price-binding-l1.csv,
코팅,B01,코팅(국4절),declared,2,23,4,92,2,price-coating-l1.csv,
코팅,B02,코팅(3절),declared,2,23,4,92,32,price-coating-l1.csv,
커팅타공,B01,커팅(완칼) 가공비 (국4절),declared,1,36,1,36,2,price-cutting-l1.csv,
커팅타공,B02,1장당 2000원씩 올립니다.,unresolved,0,0,0,0,,price-cutting-l1.csv,header_rows 비어 있음 — 기하 미확정
커팅타공,B03,타공 (단가),declared,1,23,3,50,43,price-cutting-l1.csv,
디지털인쇄비,B01,디지털인쇄 출력비(국4절),declared,2,54,14,742,2,price-digital-print-price-l1.csv,
디지털인쇄비,B02,디지털인쇄 출력비(3절),declared,2,53,4,212,62,price-digital-print-price-l1.csv,
봉투제작,B01,봉투제작,declared,2,5,8,40,2,price-envelope-l1.csv,
후가공_박(대형),B01,동판비,recovered,1,8,8,64,2,price-foil-large-l1.csv,"data_start_row=None — header_rows[0]=2 만 헤더로 복구, 데이터행 8개"
후가공_박(대형),B02,*아연판,unresolved,0,0,0,0,,price-foil-large-l1.csv,header_rows 비어 있음 — 기하 미확정
후가공_박(대형),B03,"대형박 가공비 일반박 면적당가격 정의 (금유광, 금무광, 은유광, 은무광,동박,청박)",recovered,1,8,14,48,15,price-foil-large-l1.csv,"data_start_row=None — header_rows[0]=15 만 헤더로 복구, 데이터행 13개"
후가공_박(대형),B04,"대형박 가공비 특수박 면적당가격 정의 (먹유광, 백박, 홀로그램, 트윙클, 적박, 녹박)",recovered,1,8,8,0,35,price-foil-large-l1.csv,"data_start_row=None — header_rows[0]=35 만 헤더로 복구, 데이터행 8개"
후가공_박(대형),B05,"대형박 가공비 특수박 수량별 가격 (먹유광, 백박, 홀로그램, 트윙클, 적박, 녹박)",declared,1,13,6,78,35,price-foil-large-l1.csv,
후가공_박(소형),B01,동판비,declared,1,2,1,1,2,price-foil-small-l1.csv,
후가공_박(소형),B02,"소형박 가공비 일반박 면적당가격 정의 (금유광, 은유광, 먹유광, 청박, 적박, 동박, 펄박)",recovered,1,3,5,0,9,price-foil-small-l1.csv,"data_start_row=None — header_rows[0]=9 만 헤더로 복구, 데이터행 3개"
후가공_박(소형),B03,"소형박 가공비 일반박 수량별 가격 (금유광, 은유광, 먹유광, 청박, 적박, 동박, 펄박)",declared,1,18,6,108,9,price-foil-small-l1.csv,
후가공_박(소형),B04,"소형박 가공비 특수박 면적당가격 정의 (백박, 홀로그램박, 트윙클박)",recovered,1,3,5,0,32,price-foil-small-l1.csv,"data_start_row=None — header_rows[0]=32 만 헤더로 복구, 데이터행 3개"
후가공_박(소형),B05,"소형박 가공비 특수박 수량별 가격 (백박, 홀로그램박, 트윙클박)",declared,1,18,6,108,32,price-foil-small-l1.csv,
접지옵션,B01,카드접지 단가 (오시+접지),declared,2,48,3,144,2,price-folding-l1.csv,
접지옵션,B02,리플렛 접지 단가 (오시+접지),declared,1,48,4,192,57,price-folding-l1.csv,
합판도무송스티커,B01,합판 도무송 스티커(원형),declared,2,5,22,110,2,price-gangpan-sticker-l1.csv,
합판도무송스티커,B02,합판 도무송 스티커(정사각),declared,2,5,24,120,13,price-gangpan-sticker-l1.csv,
합판도무송스티커,B03,합판 도무송 스티커 (직사각),declared,2,5,28,140,24,price-gangpan-sticker-l1.csv,
굿즈파우치(구간할인),B01,파우치상품 수량별 구간할인,recovered,1,5,1,5,2,price-goods-pouch-discount-l1.csv,"data_start_row=None — header_rows[0]=2 만 헤더로 복구, 데이터행 5개"
굿즈파우치(구간할인),B02,문구상품 수량별 구간할인,recovered,1,5,1,5,11,price-goods-pouch-discount-l1.csv,"data_start_row=None — header_rows[0]=11 만 헤더로 복구, 데이터행 5개"
굿즈파우치(구간할인),B03,굿즈상품 수량별 구간할인 A타입,recovered,1,5,1,5,20,price-goods-pouch-discount-l1.csv,"data_start_row=None — header_rows[0]=20 만 헤더로 복구, 데이터행 5개"
굿즈파우치(구간할인),B04,굿즈상품 수량별 구간할인 B타입,recovered,1,3,1,3,29,price-goods-pouch-discount-l1.csv,"data_start_row=None — header_rows[0]=29 만 헤더로 복구, 데이터행 3개"
굿즈파우치(구간할인),B05,말랑상품 수량별 구간할인,declared,1,8,1,8,36,price-goods-pouch-discount-l1.csv,
명함포토카드,B01,스탠다드명함,declared,2,1,4,4,2,price-namecard-photocard-l1.csv,
명함포토카드,B02,프리미엄명함,declared,2,1,5,4,9,price-namecard-photocard-l1.csv,
명함포토카드,B03,코팅명함,declared,2,1,4,4,16,price-namecard-photocard-l1.csv,
명함포토카드,B04,펄명함 (스타드림),declared,2,1,4,4,23,price-namecard-photocard-l1.csv,
명함포토카드,B05,투명명함,declared,2,1,1,1,30,price-namecard-photocard-l1.csv,
명함포토카드,B06,화이트인쇄명함 (큐리어스스킨),declared,2,1,1,0,37,price-namecard-photocard-l1.csv,
명함포토카드,B07,모양명함 (90x50),declared,2,1,2,2,44,price-namecard-photocard-l1.csv,
명함포토카드,B08,미니모양명함 (50x50),declared,2,1,2,2,51,price-namecard-photocard-l1.csv,
명함포토카드,B09,오리지널박명함,declared,3,9,2,18,58,price-namecard-photocard-l1.csv,
명함포토카드,B10,포토카드(20장1세트),declared,1,3,0,0,75,price-namecard-photocard-l1.csv,
명함포토카드,B11,투명포토카드(20장1세트),declared,1,1,1,1,75,price-namecard-photocard-l1.csv,
명함포토카드,B12,포토카드(대랑제작),declared,1,50,1,50,83,price-namecard-photocard-l1.csv,
인쇄후가공,B01,"모서리 (귀돌이, 합가)",declared,1,9,2,18,2,price-post-process-l1.csv,
인쇄후가공,B02,100장당 1000원씩 올립니다.,unresolved,0,0,0,0,,price-post-process-l1.csv,header_rows 비어 있음 — 기하 미확정
인쇄후가공,B03,오시 (합가),declared,1,11,4,70,16,price-post-process-l1.csv,
인쇄후가공,B04,가변(텍스트),declared,1,24,3,72,33,price-post-process-l1.csv,
인쇄후가공,B05,가변(이미지),declared,1,24,4,96,33,price-post-process-l1.csv,
엽서북떡메,B01,엽서북,declared,3,40,12,480,2,price-postcard-book-l1.csv,
엽서북떡메,B02,떡메모지,recovered,1,0,2,0,48,price-postcard-book-l1.csv,"data_start_row=None — header_rows[0]=48 만 헤더로 복구, 데이터행 0개"
엽서북떡메,B03,장수 / 수량,unresolved,0,0,0,0,,price-postcard-book-l1.csv,header_rows 비어 있음 — 기하 미확정
포스터사인,B01,아트프린트포스터 (인화지),recovered,1,13,4,52,2,price-poster-sign-l1.csv,"data_start_row=None — header_rows[0]=2 만 헤더로 복구, 데이터행 13개"
포스터사인,B02,아트페이퍼포스터 (매트지),recovered,1,13,3,39,19,price-poster-sign-l1.csv,"data_start_row=None — header_rows[0]=19 만 헤더로 복구, 데이터행 13개"
포스터사인,B03,방수포스터 (PET),recovered,1,13,4,52,36,price-poster-sign-l1.csv,"data_start_row=None — header_rows[0]=36 만 헤더로 복구, 데이터행 13개"
포스터사인,B04,접착방수포스터 (PVC),recovered,1,13,4,52,53,price-poster-sign-l1.csv,"data_start_row=None — header_rows[0]=53 만 헤더로 복구, 데이터행 13개"
포스터사인,B05,접착투명포스터 (투명PVC),recovered,1,13,4,52,70,price-poster-sign-l1.csv,"data_start_row=None — header_rows[0]=70 만 헤더로 복구, 데이터행 13개"
포스터사인,B06,아트패브릭포스터 (그래픽천),recovered,1,13,4,52,87,price-poster-sign-l1.csv,"data_start_row=None — header_rows[0]=87 만 헤더로 복구, 데이터행 13개"
포스터사인,B07,린넨패브릭포스터,recovered,1,13,6,57,104,price-poster-sign-l1.csv,"data_start_row=None — header_rows[0]=104 만 헤더로 복구, 데이터행 13개"
포스터사인,B08,캔버스패브릭포스터,recovered,1,13,4,52,121,price-poster-sign-l1.csv,"data_start_row=None — header_rows[0]=121 만 헤더로 복구, 데이터행 13개"
포스터사인,B09,레더아트프린트,recovered,1,13,4,52,138,price-poster-sign-l1.csv,"data_start_row=None — header_rows[0]=138 만 헤더로 복구, 데이터행 13개"
포스터사인,B10,타이벡프린트 (하드 / 소프트),recovered,1,13,4,52,155,price-poster-sign-l1.csv,"data_start_row=None — header_rows[0]=155 만 헤더로 복구, 데이터행 13개"
포스터사인,B11,메쉬프린트,recovered,1,20,4,64,172,price-poster-sign-l1.csv,"data_start_row=None — header_rows[0]=172 만 헤더로 복구, 데이터행 21개"
포스터사인,B12,프레임리스우드액자,unresolved,0,0,0,0,,price-poster-sign-l1.csv,header_rows 비어 있음 — 기하 미확정
포스터사인,B13,사이즈 / 수량,unresolved,0,0,0,0,,price-poster-sign-l1.csv,header_rows 비어 있음 — 기하 미확정
포스터사인,B14,레더아트액자,unresolved,0,0,0,0,,price-poster-sign-l1.csv,header_rows 비어 있음 — 기하 미확정
포스터사인,B15,사이즈 / 수량,unresolved,0,0,0,0,,price-poster-sign-l1.csv,header_rows 비어 있음 — 기하 미확정
포스터사인,B16,족자포스터,unresolved,0,0,0,0,,price-poster-sign-l1.csv,header_rows 비어 있음 — 기하 미확정
포스터사인,B17,사이즈 / 수량,unresolved,0,0,0,0,,price-poster-sign-l1.csv,header_rows 비어 있음 — 기하 미확정
포스터사인,B18,캔버스행잉포스터,unresolved,0,0,0,0,,price-poster-sign-l1.csv,header_rows 비어 있음 — 기하 미확정
포스터사인,B19,사이즈 / 수량,unresolved,0,0,0,0,,price-poster-sign-l1.csv,header_rows 비어 있음 — 기하 미확정
포스터사인,B20,린넨우드봉족자,unresolved,0,0,0,0,,price-poster-sign-l1.csv,header_rows 비어 있음 — 기하 미확정
포스터사인,B21,사이즈 / 수량,unresolved,0,0,0,0,,price-poster-sign-l1.csv,header_rows 비어 있음 — 기하 미확정
포스터사인,B22,PET배너,unresolved,0,0,0,0,,price-poster-sign-l1.csv,header_rows 비어 있음 — 기하 미확정
포스터사인,B23,사이즈 / 수량,unresolved,0,0,0,0,,price-poster-sign-l1.csv,header_rows 비어 있음 — 기하 미확정
포스터사인,B24,메쉬배너,unresolved,0,0,0,0,,price-poster-sign-l1.csv,header_rows 비어 있음 — 기하 미확정
포스터사인,B25,사이즈 / 수량,unresolved,0,0,0,0,,price-poster-sign-l1.csv,header_rows 비어 있음 — 기하 미확정
포스터사인,B26,일반현수막,recovered,1,16,7,80,245,price-poster-sign-l1.csv,"data_start_row=None — header_rows[0]=245 만 헤더로 복구, 데이터행 16개"
포스터사인,B27,메쉬현수막,recovered,1,23,5,60,266,price-poster-sign-l1.csv,"data_start_row=None — header_rows[0]=266 만 헤더로 복구, 데이터행 24개"
포스터사인,B28,미니스탠딩보드,unresolved,0,0,0,0,,price-poster-sign-l1.csv,header_rows 비어 있음 — 기하 미확정
포스터사인,B29,사이즈 / 수량,unresolved,0,0,0,0,,price-poster-sign-l1.csv,header_rows 비어 있음 — 기하 미확정
포스터사인,B30,미니배너,unresolved,0,0,0,0,,price-poster-sign-l1.csv,header_rows 비어 있음 — 기하 미확정
포스터사인,B31,사이즈 / 수량,unresolved,0,0,0,0,,price-poster-sign-l1.csv,header_rows 비어 있음 — 기하 미확정
스티커,B01,반칼 자유형/규격 스티커 (국4절),declared,2,36,19,648,2,price-sticker-price-l1.csv,
스티커,B02,낱장(완칼) 자유형 스티커,declared,1,6,5,30,46,price-sticker-price-l1.csv,
스티커,B03,낱장(완칼) 자유형 투명스티커,declared,1,6,5,30,57,price-sticker-price-l1.csv,
스티커,B04,대형(완칼) 자유형 스티커,declared,1,6,1,6,68,price-sticker-price-l1.csv,
스티커,B05,타투 스티커 (3장단위),recovered,1,0,2,0,79,price-sticker-price-l1.csv,"data_start_row=None — header_rows[0]=79 만 헤더로 복구, 데이터행 0개"
스티커,B06,기본가,unresolved,0,0,0,0,,price-sticker-price-l1.csv,header_rows 비어 있음 — 기하 미확정
스티커,B07,스티커팩 (54장 1세트),declared,1,2,1,2,87,price-sticker-price-l1.csv,
스티커,B08,new 스티커팩 (16장 1세트),declared,1,2,1,2,92,price-sticker-price-l1.csv,
