siz_cd,siz_nm,work_width,work_height,cut_width,cut_height,margin_top,margin_bot,margin_lft,margin_rgt,impos_yn,use_yn,note,reg_dt,upd_dt,del_yn
SIZ_000001,73x98,75.00,100.00,73.00,98.00,1.00,1.00,1.00,1.00,N,Y,판걸이=18.0 / 전지=316x467 / 적용=엽서,2026-06-03 12:46:02.974607,2026-06-17 07:40:52.791944,N
SIZ_000002,98x98,100.00,100.00,98.00,98.00,1.00,1.00,1.00,1.00,N,Y,판걸이=12.0 / 전지=316x467 / 적용=엽서,2026-06-03 12:46:02.974607,2026-06-17 07:40:52.791944,N
SIZ_000003,100x150,102.00,152.00,100.00,150.00,1.00,1.00,1.00,1.00,N,Y,판걸이=8.0 / 전지=316x467 / 적용=엽서 / 엽서북내지,2026-06-03 12:46:02.974607,2026-06-17 07:40:52.791944,N
SIZ_000004,135x135,137.00,137.00,135.00,135.00,1.00,1.00,1.00,1.00,N,Y,판걸이=6.0 / 전지=316x467 / 적용=엽서 / 엽서북내지,2026-06-03 12:46:02.974607,2026-06-17 07:40:52.791944,N
SIZ_000005,95x210,97.00,212.00,95.00,210.00,1.00,1.00,1.00,1.00,N,Y,판걸이=6.0 / 전지=316x467 / 적용=엽서,2026-06-03 12:46:02.974607,2026-06-17 07:40:52.791944,N
SIZ_000006,110x170,112.00,172.00,110.00,170.00,1.00,1.00,1.00,1.00,N,Y,판걸이=4.0 / 전지=316x467 / 적용=엽서,2026-06-03 12:46:02.974607,2026-06-17 07:40:52.791944,N
SIZ_000007,A5 (148X210),150.00,212.00,148.00,210.00,1.00,1.00,1.00,1.00,N,Y,판걸이=4.0 / 전지=316x467 / 적용=엽서,2026-06-03 12:46:02.974607,2026-06-16 19:47:21.844387,N
SIZ_000008,90x50,92.00,52.00,90.00,50.00,1.00,1.00,1.00,1.00,N,Y,판걸이=24.0 / 전지=316x467 / 적용=명함,2026-06-03 12:46:02.974607,2026-06-17 07:40:52.791944,N
SIZ_000009,90x55,92.00,57.00,90.00,55.00,1.00,1.00,1.00,1.00,N,Y,판걸이=21.0 / 전지=316x467 / 적용=명함,2026-06-03 12:46:02.974607,2026-06-17 07:40:52.791944,N
SIZ_000010,86x55,88.00,57.00,86.00,55.00,1.00,1.00,1.00,1.00,N,Y,판걸이=21.0 / 전지=316x467 / 적용=명함,2026-06-03 12:46:02.974607,2026-06-17 07:40:52.791944,N
SIZ_000011,50x50,60.00,60.00,50.00,50.00,5.00,5.00,5.00,5.00,N,Y,"판걸이=35.0 / 전지=316x467 / 적용=미니모양명함, 라벨택",2026-06-03 12:46:02.974607,2026-06-17 07:40:52.791944,N
SIZ_000012,55x86,57.00,88.00,55.00,86.00,1.00,1.00,1.00,1.00,N,Y,판걸이=21.0 / 전지=316x467 / 적용=포토카드,2026-06-03 12:46:02.974607,2026-06-17 07:40:52.791944,N
SIZ_000013,148x68,152.00,72.00,148.00,68.00,2.00,2.00,2.00,2.00,N,Y,판걸이=12.0 / 전지=316x467 / 적용=상품권,2026-06-03 12:46:02.974607,2026-06-17 07:40:52.791944,N
SIZ_000014,148x75,158.00,77.00,148.00,75.00,2.00,2.00,2.00,2.00,N,Y,판걸이=6.0 / 전지=316x467 / 적용=상품권,2026-06-03 12:46:02.974607,2026-06-17 07:40:52.791944,N
SIZ_000015,300x100,302.00,102.00,300.00,100.00,1.00,1.00,1.00,1.00,N,Y,판걸이=4.0 / 전지=316x467 / 적용=종이슬로건,2026-06-03 12:46:02.974607,2026-06-17 07:40:52.791944,N
SIZ_000016,400x145,402.00,147.00,400.00,145.00,1.00,1.00,1.00,1.00,N,Y,판걸이=2.0 / 전지=316x467 / 적용=종이슬로건,2026-06-03 12:46:02.974607,2026-06-17 07:40:52.791944,N
SIZ_000017,100x90,102.00,92.00,100.00,90.00,1.00,1.00,1.00,1.00,N,Y,판걸이=12.0 / 전지=316x467 / 적용=미니접지카드,2026-06-03 12:46:02.974607,2026-06-17 07:40:52.791944,N
SIZ_000018,90x100,92.00,102.00,90.00,100.00,1.00,1.00,1.00,1.00,N,Y,판걸이=12.0 / 전지=316x467 / 적용=미니접지카드,2026-06-03 12:46:02.974607,2026-06-17 07:40:52.791944,N
SIZ_000019,104x86,106.00,88.00,104.00,86.00,1.00,1.00,1.00,1.00,N,Y,판걸이=12.0 / 전지=316x467 / 적용=미니접지카드,2026-06-03 12:46:02.974607,2026-06-17 07:40:52.791944,N
SIZ_000020,86x104,88.00,106.00,86.00,104.00,1.00,1.00,1.00,1.00,N,Y,판걸이=12.0 / 전지=316x467 / 적용=미니접지카드,2026-06-03 12:46:02.974607,2026-06-17 07:40:52.791944,N
SIZ_000021,200x150,202.00,152.00,200.00,150.00,1.00,1.00,1.00,1.00,N,Y,판걸이=4.0 / 전지=316x467 / 적용=2단접지카드,2026-06-03 12:46:02.974607,2026-06-17 07:40:52.791944,N
SIZ_000022,150x200,152.00,202.00,150.00,200.00,1.00,1.00,1.00,1.00,N,Y,판걸이=4.0 / 전지=316x467 / 적용=2단접지카드,2026-06-03 12:46:02.974607,2026-06-17 07:40:52.791944,N
SIZ_000023,274x139,274.00,139.00,274.00,139.00,2.00,2.00,2.00,2.00,Y,Y,판걸이=3.0 / 전지=316x467 / 적용=2단접지카드,2026-06-03 12:46:02.974607,2026-06-07 00:25:09.022047,Y
SIZ_000024,139x274,139.00,274.00,139.00,274.00,2.00,2.00,2.00,2.00,Y,Y,판걸이=3.0 / 전지=316x467 / 적용=2단접지카드,2026-06-03 12:46:02.974607,2026-06-07 00:25:09.022047,Y
SIZ_000025,220x170,224.00,174.00,220.00,170.00,2.00,2.00,2.00,2.00,N,Y,판걸이=2.0 / 전지=316x467 / 적용=2단접지카드,2026-06-03 12:46:02.974607,2026-06-17 07:40:52.791944,N
SIZ_000026,170x220,174.00,224.00,170.00,220.00,2.00,2.00,2.00,2.00,N,Y,판걸이=2.0 / 전지=316x467 / 적용=2단접지카드,2026-06-03 12:46:02.974607,2026-06-17 07:40:52.791944,N
SIZ_000027,300x150,302.00,152.00,300.00,150.00,1.00,1.00,1.00,1.00,N,Y,판걸이=3.0 / 전지=316x467 / 적용=3단접지카드,2026-06-03 12:46:02.974607,2026-06-17 07:40:52.791944,N
SIZ_000028,150x300,152.00,302.00,150.00,300.00,1.00,1.00,1.00,1.00,N,Y,판걸이=3.0 / 전지=316x467 / 적용=3단접지카드,2026-06-03 12:46:02.974607,2026-06-17 07:40:52.791944,N
SIZ_000029,403x135,407.00,139.00,403.00,135.00,2.00,2.00,2.00,2.00,N,Y,판걸이=1.0 / 전지=316x467 / 적용=3단접지카드,2026-06-03 12:46:02.974607,2026-06-17 07:40:52.791944,N
SIZ_000030,135x403,139.00,407.00,135.00,403.00,2.00,2.00,2.00,2.00,N,Y,판걸이=1.0 / 전지=316x467 / 적용=3단접지카드,2026-06-03 12:46:02.974607,2026-06-17 07:40:52.791944,N
SIZ_000031,600x150,604.00,154.00,600.00,150.00,2.00,2.00,2.00,2.00,N,Y,판걸이=2.0 / 전지=미지정 / 적용=지그재그카드,2026-06-03 12:46:02.974607,2026-06-17 07:40:52.791944,N
SIZ_000032,150x600,154.00,604.00,150.00,600.00,2.00,2.00,2.00,2.00,N,Y,판걸이=2.0 / 전지=미지정 / 적용=지그재그카드,2026-06-03 12:46:02.974607,2026-06-17 07:40:52.791944,N
SIZ_000033,76x100,80.00,104.00,76.00,100.00,2.00,2.00,2.00,2.00,N,Y,판걸이=12.0 / 전지=316x467 / 적용=인쇄배경지,2026-06-03 12:46:02.974607,2026-06-17 07:40:52.791944,N
SIZ_000034,76x120,80.00,124.00,76.00,120.00,2.00,2.00,2.00,2.00,N,Y,판걸이=9.0 / 전지=316x467 / 적용=인쇄배경지,2026-06-03 12:46:02.974607,2026-06-17 07:40:52.791944,N
SIZ_000035,86x120,90.00,124.00,86.00,120.00,2.00,2.00,2.00,2.00,N,Y,판걸이=9.0 / 전지=316x467 / 적용=인쇄배경지,2026-06-03 12:46:02.974607,2026-06-17 07:40:52.791944,N
SIZ_000036,94x94,98.00,98.00,94.00,94.00,2.00,2.00,2.00,2.00,N,Y,판걸이=12.0 / 전지=316x467 / 적용=인쇄배경지,2026-06-03 12:46:02.974607,2026-06-17 07:40:52.791944,N
SIZ_000037,62x180,66.00,184.00,62.00,180.00,2.00,2.00,2.00,2.00,N,Y,판걸이=8.0 / 전지=316x467 / 적용=인쇄배경지,2026-06-03 12:46:02.974607,2026-06-17 07:40:52.791944,N
SIZ_000038,105x160,109.00,164.00,105.00,160.00,2.00,2.00,2.00,2.00,N,Y,판걸이=4.0 / 전지=316x467 / 적용=인쇄배경지,2026-06-03 12:46:02.974607,2026-06-17 07:40:52.791944,N
SIZ_000039,74x74,78.00,78.00,74.00,74.00,2.00,2.00,2.00,2.00,N,Y,판걸이=24.0 / 전지=316x467 / 적용=인쇄배경지,2026-06-03 12:46:02.974607,2026-06-17 07:40:52.791944,N
SIZ_000040,74x148,78.00,152.00,74.00,148.00,2.00,2.00,2.00,2.00,N,Y,판걸이=12.0 / 전지=316x467 / 적용=인쇄배경지,2026-06-03 12:46:02.974607,2026-06-17 07:40:52.791944,N
SIZ_000041,74x109,78.00,113.00,74.00,109.00,2.00,2.00,2.00,2.00,N,Y,판걸이=16.0 / 전지=316x467 / 적용=인쇄배경지,2026-06-03 12:46:02.974607,2026-06-17 07:40:52.791944,N
SIZ_000042,74x218,78.00,222.00,74.00,218.00,2.00,2.00,2.00,2.00,N,Y,판걸이=8.0 / 전지=316x467 / 적용=인쇄배경지,2026-06-03 12:46:02.974607,2026-06-17 07:40:52.791944,N
SIZ_000043,80x80,84.00,84.00,80.00,80.00,2.00,2.00,2.00,2.00,N,Y,판걸이=15.0 / 전지=316x467 / 적용=인쇄해더택,2026-06-03 12:46:02.974607,2026-06-17 07:40:52.791944,N
SIZ_000044,110x80,114.00,84.00,110.00,80.00,2.00,2.00,2.00,2.00,N,Y,판걸이=12.0 / 전지=316x467 / 적용=인쇄해더택,2026-06-03 12:46:02.974607,2026-06-17 07:40:52.791944,N
SIZ_000045,140x80,144.00,84.00,140.00,80.00,2.00,2.00,2.00,2.00,N,Y,판걸이=10.0 / 전지=316x467 / 적용=인쇄해더택,2026-06-03 12:46:02.974607,2026-06-17 07:40:52.791944,N
SIZ_000046,160x80,164.00,84.00,160.00,80.00,2.00,2.00,2.00,2.00,N,Y,판걸이=6.0 / 전지=316x467 / 적용=인쇄해더택,2026-06-03 12:46:02.974607,2026-06-17 07:40:52.791944,N
SIZ_000047,40x80,50.00,90.00,40.00,80.00,5.00,5.00,5.00,5.00,N,Y,판걸이=24.0 / 전지=316x467 / 적용=라벨택,2026-06-03 12:46:02.974607,2026-06-17 07:40:52.791944,N
SIZ_000048,25x110,35.00,120.00,25.00,110.00,5.00,5.00,5.00,5.00,N,Y,판걸이=24.0 / 전지=316x467 / 적용=라벨택,2026-06-03 12:46:02.974607,2026-06-17 07:40:52.791944,N
SIZ_000049,210x148,214.00,152.00,210.00,148.00,2.00,2.00,2.00,2.00,N,Y,판걸이=4.0 / 전지=316x467 / 적용=책자내지,2026-06-03 12:46:02.974607,2026-06-17 07:40:52.791944,N
SIZ_000050,A4 (210X297),216.00,303.00,210.00,297.00,3.00,3.00,3.00,3.00,N,Y,판걸이=2.0 / 전지=316x467 / 적용=전단지 / 책자내지,2026-06-03 12:46:02.974607,2026-06-16 19:47:21.844387,N
SIZ_000051,297x210,303.00,216.00,297.00,210.00,3.00,3.00,3.00,3.00,N,Y,판걸이=2.0 / 전지=316x467 / 적용=책자내지,2026-06-03 12:46:02.974607,2026-06-17 07:40:52.791944,N
SIZ_000052,A3 (297X420),303.00,426.00,297.00,420.00,3.00,3.00,3.00,3.00,Y,Y,판걸이=1.0 / 전지=316x467 / 적용=전단지,2026-06-03 12:46:02.974607,2026-06-16 19:47:21.844387,N
SIZ_000053,300x440,306.00,446.00,300.00,440.00,3.00,3.00,3.00,3.00,N,Y,판걸이=1.0 / 전지=316x467 / 적용=전단지,2026-06-03 12:46:02.974607,2026-06-17 07:47:50.713627,Y
SIZ_000054,420x297,426.00,303.00,420.00,297.00,3.00,3.00,3.00,3.00,N,Y,판걸이=1.0 / 전지=316x467 / 적용=접지리플렛,2026-06-03 12:46:02.974607,2026-06-17 07:40:52.791944,N
SIZ_000055,640x297,646.00,303.00,640.00,297.00,3.00,3.00,3.00,3.00,N,Y,판걸이=1.0 / 전지=미지정 / 적용=와이드 접지리플렛,2026-06-03 12:46:02.974607,2026-06-17 07:40:52.791944,N
SIZ_000056,320x404,320.00,404.00,320.00,404.00,0.00,0.00,0.00,0.00,N,Y,판걸이=1.0 / 전지=미지정 / 적용=썬캡,2026-06-03 12:46:02.974607,2026-06-17 07:40:52.791944,N
SIZ_000057,A6 (105X148),105.00,148.00,105.00,148.00,0.00,0.00,0.00,0.00,N,Y,판걸이=8.0 / 전지=미지정 / 적용=반칼스티커,2026-06-03 12:46:02.974607,2026-06-16 19:47:21.844387,N
SIZ_000058,100x140,104.00,144.00,100.00,140.00,2.00,2.00,2.00,2.00,N,Y,판걸이=8.0 / 전지=미지정 / 적용=반칼스티커,2026-06-03 12:46:02.974607,2026-06-17 07:40:52.791944,N
SIZ_000059,124x186,128.00,190.00,124.00,186.00,2.00,2.00,2.00,2.00,N,Y,판걸이=4.0 / 전지=미지정 / 적용=반칼스티커,2026-06-03 12:46:02.974607,2026-06-17 07:40:52.791944,N
SIZ_000060,90x190,94.00,194.00,90.00,190.00,2.00,2.00,2.00,2.00,N,Y,판걸이=6.0 / 전지=미지정 / 적용=반칼스티커,2026-06-03 12:46:02.974607,2026-06-17 07:40:52.791944,N
SIZ_000061,50x70,50.00,70.00,50.00,70.00,0.00,0.00,0.00,0.00,N,Y,판걸이=32.0 / 전지=미지정 / 적용=소형반칼스티커,2026-06-03 12:46:02.974607,2026-06-17 07:40:52.791944,N
SIZ_000062,70x50,70.00,50.00,70.00,50.00,0.00,0.00,0.00,0.00,N,Y,판걸이=32.0 / 전지=미지정 / 적용=소형반칼스티커,2026-06-03 12:46:02.974607,2026-06-17 07:40:52.791944,N
SIZ_000063,50x94,50.00,94.00,50.00,94.00,0.00,0.00,0.00,0.00,N,Y,판걸이=24.0 / 전지=미지정 / 적용=소형반칼스티커,2026-06-03 12:46:02.974607,2026-06-17 07:40:52.791944,N
SIZ_000064,94x50,94.00,50.00,94.00,50.00,0.00,0.00,0.00,0.00,N,Y,판걸이=24.0 / 전지=미지정 / 적용=소형반칼스티커,2026-06-03 12:46:02.974607,2026-06-17 07:40:52.791944,N
SIZ_000065,65x65,65.00,65.00,65.00,65.00,0.00,0.00,0.00,0.00,N,Y,판걸이=24.0 / 전지=미지정 / 적용=소형반칼스티커,2026-06-03 12:46:02.974607,2026-06-17 07:40:52.791944,N
SIZ_000066,75x94,75.00,94.00,75.00,94.00,0.00,0.00,0.00,0.00,N,Y,판걸이=15.0 / 전지=미지정 / 적용=소형반칼스티커,2026-06-03 12:46:02.974607,2026-06-17 07:40:52.791944,N
SIZ_000067,140x100,140.00,100.00,140.00,100.00,0.00,0.00,0.00,0.00,N,Y,판걸이=8.0 / 전지=미지정 / 적용=소형반칼스티커,2026-06-03 12:46:02.974607,2026-06-17 07:40:52.791944,N
SIZ_000068,75x110,75.00,110.00,75.00,110.00,0.00,0.00,0.00,0.00,N,Y,판걸이=16.0 / 전지=미지정 / 적용=스티커팩,2026-06-03 12:46:02.974607,2026-06-17 07:40:52.791944,N
SIZ_000069,220x145,224.00,149.00,220.00,145.00,2.00,2.00,2.00,2.00,N,Y,판걸이=4.0 / 전지=316x467 / 적용=탁상형캘린더,2026-06-03 12:46:02.974607,2026-06-17 07:40:52.791944,N
SIZ_000070,130x220,134.00,224.00,130.00,220.00,2.00,2.00,2.00,2.00,N,Y,판걸이=4.0 / 전지=316x467 / 적용=탁상형캘린더,2026-06-03 12:46:02.974607,2026-06-17 07:40:52.791944,N
SIZ_000071,148x60,152.00,64.00,148.00,60.00,2.00,2.00,2.00,2.00,N,Y,판걸이=12.0 / 전지=316x467 / 적용=미니탁상형캘린더,2026-06-03 12:46:02.974607,2026-06-17 07:40:52.791944,N
SIZ_000072,145x145,149.00,149.00,145.00,145.00,2.00,2.00,2.00,2.00,N,Y,판걸이=6.0 / 전지=316x467 / 적용=엽서캘린더,2026-06-03 12:46:02.974607,2026-06-17 07:40:52.791944,N
SIZ_000073,220x130,224.00,134.00,220.00,130.00,2.00,2.00,2.00,2.00,N,Y,판걸이=4.0 / 전지=316x467 / 적용=엽서캘린더,2026-06-03 12:46:02.974607,2026-06-17 07:40:52.791944,N
SIZ_000074,145x300,149.00,304.00,145.00,300.00,2.00,2.00,2.00,2.00,N,Y,판걸이=3.0 / 전지=316x467 / 적용=엽서캘린더,2026-06-03 12:46:02.974607,2026-06-17 07:40:52.791944,N
SIZ_000075,210x420,214.00,424.00,210.00,420.00,2.00,2.00,2.00,2.00,N,Y,판걸이=1.0 / 전지=316x467 / 적용=벽걸이캘린더,2026-06-03 12:46:02.974607,2026-06-17 07:40:52.791944,N
SIZ_000076,300x420,304.00,424.00,300.00,420.00,2.00,2.00,2.00,2.00,Y,Y,판걸이=1.0 / 전지=316x467 / 적용=벽걸이캘린더,2026-06-03 12:46:02.974607,,N
SIZ_000077,300x625,304.00,629.00,300.00,625.00,2.00,2.00,2.00,2.00,Y,Y,판걸이=1.0 / 전지=미지정 / 적용=와이드벽걸이캘린더,2026-06-03 12:46:02.974607,,N
SIZ_000078,70x200mm(50장),70.00,200.00,70.00,200.00,,,,,N,Y,,2026-06-03 12:46:02.974607,2026-06-04 08:42:54.234316,N
SIZ_000079,80x100mm(50장),80.00,100.00,80.00,100.00,,,,,N,Y,,2026-06-03 12:46:02.974607,2026-06-04 08:42:54.234316,N
SIZ_000080,80x120mm(50장),80.00,120.00,80.00,120.00,,,,,N,Y,,2026-06-03 12:46:02.974607,2026-06-04 08:42:54.234316,N
SIZ_000081,80x180mm(50장),80.00,180.00,80.00,180.00,,,,,N,Y,,2026-06-03 12:46:02.974607,2026-06-04 08:42:54.234316,N
SIZ_000082,90x120mm(50장),90.00,120.00,90.00,120.00,,,,,N,Y,,2026-06-03 12:46:02.974607,2026-06-04 08:42:54.234316,N
SIZ_000083,100x100mm(50장),100.00,100.00,100.00,100.00,,,,,N,Y,,2026-06-03 12:46:02.974607,2026-06-04 08:42:54.234316,N
SIZ_000084,100x200mm(50장),100.00,200.00,100.00,200.00,,,,,N,Y,,2026-06-03 12:46:02.974607,2026-06-04 08:42:54.234316,N
SIZ_000085,110x160mm(50장),110.00,160.00,110.00,160.00,,,,,N,Y,,2026-06-03 12:46:02.974607,2026-06-04 08:42:54.234316,N
SIZ_000086,130x200mm(50장),130.00,200.00,130.00,200.00,,,,,N,Y,,2026-06-03 12:46:02.974607,2026-06-04 08:42:54.234316,N
SIZ_000087,160x230mm(50장),160.00,230.00,160.00,230.00,,,,,N,Y,,2026-06-03 12:46:02.974607,2026-06-04 08:42:54.234316,N
SIZ_000088,230x350mm(50장),230.00,350.00,230.00,350.00,,,,,N,Y,,2026-06-03 12:46:02.974607,2026-06-04 08:42:54.234316,N
SIZ_000089,60x90mm(20장),60.00,90.00,60.00,90.00,,,,,N,Y,,2026-06-03 12:46:02.974607,2026-06-04 08:42:54.234316,N
SIZ_000090,60x90mm(50장),60.00,90.00,60.00,90.00,,,,,N,Y,,2026-06-03 12:46:02.974607,2026-06-04 08:42:54.234316,N
SIZ_000091,110x250mm(50장),110.00,250.00,110.00,250.00,,,,,N,Y,,2026-06-03 12:46:02.974607,2026-06-04 08:42:54.234316,N
SIZ_000092,140x180mm(50장),140.00,180.00,140.00,180.00,,,,,N,Y,,2026-06-03 12:46:02.974607,2026-06-04 08:42:54.234316,N
SIZ_000093,140x200mm(50장),140.00,200.00,140.00,200.00,,,,,N,Y,,2026-06-03 12:46:02.974607,2026-06-04 08:42:54.234316,N
SIZ_000094,150x150mm(50장),150.00,150.00,150.00,150.00,,,,,N,Y,,2026-06-03 12:46:02.974607,2026-06-04 08:42:54.234316,N
SIZ_000095,160x250mm(50장),160.00,250.00,160.00,250.00,,,,,N,Y,,2026-06-03 12:46:02.974607,2026-06-04 08:42:54.234316,N
SIZ_000096,160x110mm(20장),160.00,110.00,160.00,110.00,,,,,N,Y,,2026-06-03 12:46:02.974607,2026-06-04 08:42:54.234316,N
SIZ_000097,160x110mm(40장),160.00,110.00,160.00,110.00,,,,,N,Y,,2026-06-03 12:46:02.974607,2026-06-04 08:42:54.234316,N
SIZ_000098,160x110mm(100장),160.00,110.00,160.00,110.00,,,,,N,Y,,2026-06-03 12:46:02.974607,2026-06-04 08:42:54.234316,N
SIZ_000099,100x100mm(20장),100.00,100.00,100.00,100.00,,,,,N,Y,,2026-06-03 12:46:02.974607,2026-06-04 08:42:54.234316,N
SIZ_000100,100x100mm(40장),100.00,100.00,100.00,100.00,,,,,N,Y,,2026-06-03 12:46:02.974607,2026-06-04 08:42:54.234316,N
SIZ_000101,100x100mm(100장),100.00,100.00,100.00,100.00,,,,,N,Y,,2026-06-03 12:46:02.974607,2026-06-04 08:42:54.234316,N
SIZ_000102,70x100mm(30장),70.00,100.00,70.00,100.00,,,,,N,Y,,2026-06-03 12:46:02.974607,2026-06-04 08:42:54.234316,N
SIZ_000103,70x100mm(100장),70.00,100.00,70.00,100.00,,,,,N,Y,,2026-06-03 12:46:02.974607,2026-06-04 08:42:54.234316,N
SIZ_000104,165x115mm(10장),165.00,115.00,165.00,115.00,,,,,N,Y,,2026-06-03 12:46:02.974607,2026-06-18 02:10:28.132098,N
SIZ_000105,165x115mm(10장),165.00,115.00,165.00,115.00,,,,,N,Y,,2026-06-03 12:46:02.974607,2026-06-18 02:10:28.132098,N
SIZ_000106,240x230mm(10장),240.00,230.00,240.00,230.00,,,,,N,Y,,2026-06-03 12:46:02.974607,2026-06-04 08:42:54.234316,N
SIZ_000107,150x310mm(10장),150.00,310.00,150.00,310.00,,,,,N,Y,,2026-06-03 12:46:02.974607,2026-06-04 08:42:54.234316,N
SIZ_000108,PP투명케이스42x57x20mm(10개),42.00,57.00,42.00,57.00,,,,,N,Y,,2026-06-03 12:46:02.974607,2026-06-04 08:42:54.234316,N
SIZ_000109,PP투명케이스75x75x15mm(10개),75.00,75.00,75.00,75.00,,,,,N,Y,,2026-06-03 12:46:02.974607,2026-06-04 08:42:54.234316,N
SIZ_000110,PP투명케이스75x110x15mm(10개),75.00,110.00,75.00,110.00,,,,,N,Y,,2026-06-03 12:46:02.974607,2026-06-04 08:42:54.234316,N
SIZ_000111,20x20(20개입),20.00,20.00,20.00,20.00,,,,,N,Y,,2026-06-03 12:46:02.974607,2026-06-04 08:42:54.234316,N
SIZ_000112,75x100,75.00,100.00,,,,,,,N,Y,,2026-06-03 12:46:02.974607,2026-06-07 00:25:09.022047,Y
SIZ_000113,100x100,100.00,100.00,100.00,100.00,,,,,N,Y,,2026-06-03 12:46:02.974607,,N
SIZ_000114,102x152,102.00,152.00,,,,,,,N,Y,,2026-06-03 12:46:02.974607,,N
SIZ_000115,137x137,137.00,137.00,,,,,,,N,Y,,2026-06-03 12:46:02.974607,,N
SIZ_000116,97x212,97.00,212.00,,,,,,,N,Y,,2026-06-03 12:46:02.974607,2026-06-07 00:25:09.022047,Y
SIZ_000117,112x172,112.00,172.00,,,,,,,N,Y,,2026-06-03 12:46:02.974607,2026-06-07 00:25:09.022047,Y
SIZ_000118,150x212,150.00,212.00,,,,,,,N,Y,,2026-06-03 12:46:02.974607,,N
SIZ_000119,90x90,,,90.00,90.00,,,,,N,Y,,2026-06-03 12:46:02.974607,,N
SIZ_000120,57x88,57.00,88.00,,,,,,,N,Y,,2026-06-03 12:46:02.974607,,N
SIZ_000121,302x102,302.00,102.00,,,,,,,N,Y,,2026-06-03 12:46:02.974607,2026-06-07 00:25:09.022047,Y
SIZ_000122,402x147,402.00,147.00,,,,,,,N,Y,,2026-06-03 12:46:02.974607,2026-06-07 00:25:09.022047,Y
SIZ_000123,202x152,202.00,152.00,,,,,,,N,Y,,2026-06-03 12:46:02.974607,2026-06-07 00:25:09.022047,Y
SIZ_000124,150x100,,,150.00,100.00,,,,,N,Y,,2026-06-03 12:46:02.974607,,N
SIZ_000125,152x202,152.00,202.00,,,,,,,N,Y,,2026-06-03 12:46:02.974607,2026-06-07 00:25:09.022047,Y
SIZ_000126,270x135,,,270.00,135.00,,,,,N,Y,,2026-06-03 12:46:02.974607,,N
SIZ_000127,135x270,,,135.00,270.00,,,,,N,Y,,2026-06-03 12:46:02.974607,,N
SIZ_000128,224x174,224.00,174.00,,,,,,,N,Y,,2026-06-03 12:46:02.974607,2026-06-07 00:25:09.022047,Y
SIZ_000129,170x110,170.00,110.00,170.00,110.00,,,,,N,Y,,2026-06-03 12:46:02.974607,2026-06-04 08:42:54.234316,N
SIZ_000130,174x224,174.00,224.00,,,,,,,N,Y,,2026-06-03 12:46:02.974607,2026-06-07 00:25:09.022047,Y
SIZ_000131,92x104,92.00,104.00,,,,,,,N,Y,,2026-06-03 12:46:02.974607,2026-06-07 00:25:09.022047,Y
SIZ_000132,50x90,50.00,90.00,,,,,,,N,Y,,2026-06-03 12:46:02.974607,,N
SIZ_000133,86x52,,,86.00,52.00,,,,,N,Y,,2026-06-03 12:46:02.974607,,N
SIZ_000134,88x106,88.00,106.00,,,,,,,N,Y,,2026-06-03 12:46:02.974607,2026-06-07 00:25:09.022047,Y
SIZ_000135,52x86,52.00,86.00,52.00,86.00,,,,,N,Y,,2026-06-03 12:46:02.974607,2026-06-04 08:42:54.234316,N
SIZ_000136,300x152,300.00,152.00,,,,,,,N,Y,,2026-06-03 12:46:02.974607,2026-06-07 00:25:09.022047,Y
SIZ_000137,298x150,,,298.00,150.00,,,,,N,Y,,2026-06-03 12:46:02.974607,,N
SIZ_000138,152x300,152.00,300.00,,,,,,,N,Y,,2026-06-03 12:46:02.974607,2026-06-07 00:25:09.022047,Y
SIZ_000139,150x298,,,150.00,298.00,,,,,N,Y,,2026-06-03 12:46:02.974607,,N
SIZ_000140,407x139,407.00,139.00,,,,,,,N,Y,,2026-06-03 12:46:02.974607,2026-06-07 00:25:09.022047,Y
SIZ_000141,139x407,139.00,407.00,,,,,,,N,Y,,2026-06-03 12:46:02.974607,2026-06-07 00:25:09.022047,Y
SIZ_000142,604x154,604.00,154.00,,,,,,,N,Y,,2026-06-03 12:46:02.974607,,N
SIZ_000143,154x604,154.00,604.00,,,,,,,N,Y,,2026-06-03 12:46:02.974607,,N
SIZ_000144,92x52,92.00,52.00,,,,,,,N,Y,,2026-06-03 12:46:02.974607,,N
SIZ_000145,92x57,92.00,57.00,,,,,,,N,Y,,2026-06-03 12:46:02.974607,2026-06-07 00:25:09.022047,Y
SIZ_000146,88x54,88.00,54.00,,,,,,,N,Y,,2026-06-03 12:46:02.974607,2026-06-07 00:25:09.022047,Y
SIZ_000147,100x60,100.00,60.00,100.00,60.00,,,,,N,Y,,2026-06-03 12:46:02.974607,,N
SIZ_000148,60x60,60.00,60.00,60.00,60.00,,,,,N,Y,,2026-06-03 12:46:02.974607,,N
SIZ_000149,152x72,152.00,72.00,,,,,,,N,Y,,2026-06-03 12:46:02.974607,2026-06-07 00:25:09.022047,Y
SIZ_000150,152x79,152.00,79.00,,,,,,,N,Y,,2026-06-03 12:46:02.974607,2026-06-07 00:25:09.022047,Y
SIZ_000151,80x104,80.00,104.00,,,,,,,N,Y,,2026-06-03 12:46:02.974607,2026-06-07 00:25:09.022047,Y
SIZ_000152,86x110,86.00,110.00,,,,,,,N,Y,,2026-06-03 12:46:02.974607,2026-06-07 00:25:09.022047,Y
SIZ_000153,80x124,80.00,124.00,,,,,,,N,Y,,2026-06-03 12:46:02.974607,2026-06-07 00:25:09.022047,Y
SIZ_000154,86x130,86.00,130.00,,,,,,,N,Y,,2026-06-03 12:46:02.974607,2026-06-07 00:25:09.022047,Y
SIZ_000155,90x124,90.00,124.00,,,,,,,N,Y,,2026-06-03 12:46:02.974607,2026-06-07 00:25:09.022047,Y
SIZ_000156,96x130,96.00,130.00,,,,,,,N,Y,,2026-06-03 12:46:02.974607,2026-06-07 00:25:09.022047,Y
SIZ_000157,104x104,104.00,104.00,,,,,,,N,Y,,2026-06-03 12:46:02.974607,,N
SIZ_000158,66x184,66.00,184.00,,,,,,,N,Y,,2026-06-03 12:46:02.974607,2026-06-07 00:25:09.022047,Y
SIZ_000159,72x190,72.00,190.00,,,,,,,N,Y,,2026-06-03 12:46:02.974607,2026-06-07 00:25:09.022047,Y
SIZ_000160,115x170,115.00,170.00,,,,,,,N,Y,,2026-06-03 12:46:02.974607,2026-06-07 00:25:09.022047,Y
SIZ_000161,78x78,78.00,78.00,,,,,,,N,Y,,2026-06-03 12:46:02.974607,2026-06-07 00:25:09.022047,Y
SIZ_000162,78x152,78.00,152.00,,,,,,,N,Y,,2026-06-03 12:46:02.974607,2026-06-07 00:25:09.022047,Y
SIZ_000163,78x113,78.00,113.00,,,,,,,N,Y,,2026-06-03 12:46:02.974607,2026-06-07 00:25:09.022047,Y
SIZ_000164,78x222,78.00,222.00,,,,,,,N,Y,,2026-06-03 12:46:02.974607,2026-06-07 00:25:09.022047,Y
SIZ_000165,84x84,84.00,84.00,,,,,,,N,Y,,2026-06-03 12:46:02.974607,2026-06-07 00:25:09.022047,Y
SIZ_000166,114x84,114.00,84.00,,,,,,,N,Y,,2026-06-03 12:46:02.974607,2026-06-07 00:25:09.022047,Y
SIZ_000167,144x84,144.00,84.00,,,,,,,N,Y,,2026-06-03 12:46:02.974607,2026-06-07 00:25:09.022047,Y
SIZ_000168,164x84,164.00,84.00,,,,,,,N,Y,,2026-06-03 12:46:02.974607,2026-06-07 00:25:09.022047,Y
SIZ_000169,35x120,35.00,120.00,,,,,,,N,Y,,2026-06-03 12:46:02.974607,2026-06-07 00:25:09.022047,Y
SIZ_000170,A5(148x210mm),148.00,210.00,148.00,210.00,,,,,N,Y,,2026-06-03 12:46:02.974607,2026-06-17 07:47:50.713627,Y
SIZ_000171,152x214,152.00,214.00,,,,,,,N,Y,,2026-06-03 12:46:02.974607,,N
SIZ_000172,A4(210x297mm),210.00,297.00,210.00,297.00,,,,,N,Y,,2026-06-03 12:46:02.974607,2026-06-04 08:42:54.234316,N
SIZ_000173,216x303,216.00,303.00,,,,,,,N,Y,,2026-06-03 12:46:02.974607,,N
SIZ_000174,A3(297x420mm),297.00,420.00,297.00,420.00,,,,,N,Y,,2026-06-03 12:46:02.974607,2026-06-04 08:42:54.234316,N
SIZ_000175,303x426,303.00,426.00,,,,,,,N,Y,,2026-06-03 12:46:02.974607,,N
SIZ_000176,A3+(300x440mm),300.00,440.00,300.00,440.00,,,,,N,Y,,2026-06-03 12:46:02.974607,2026-06-04 08:42:54.234316,N
SIZ_000177,306x446,306.00,446.00,,,,,,,N,Y,,2026-06-03 12:46:02.974607,2026-06-07 00:25:09.022047,Y
SIZ_000178,214x152,214.00,152.00,,,,,,,N,Y,,2026-06-03 12:46:02.974607,2026-06-07 00:25:09.022047,Y
SIZ_000179,303x216,303.00,216.00,,,,,,,N,Y,,2026-06-03 12:46:02.974607,,N
SIZ_000180,302x216,302.00,216.00,,,,,,,N,Y,,2026-06-03 12:46:02.974607,,N
SIZ_000181,426x303,426.00,303.00,,,,,,,N,Y,,2026-06-03 12:46:02.974607,,N
SIZ_000182,425x303,425.00,303.00,,,,,,,N,Y,,2026-06-03 12:46:02.974607,2026-06-07 00:25:09.022047,Y
SIZ_000183,419x297,,,419.00,297.00,,,,,N,Y,,2026-06-03 12:46:02.974607,,N
SIZ_000184,424x303,424.00,303.00,,,,,,,N,Y,,2026-06-03 12:46:02.974607,2026-06-07 00:25:09.022047,Y
SIZ_000185,418x297,,,418.00,297.00,,,,,N,Y,,2026-06-03 12:46:02.974607,,N
SIZ_000186,635x303,635.00,303.00,,,,,,,N,Y,,2026-06-03 12:46:02.974607,,N
SIZ_000187,629x297,,,629.00,297.00,,,,,N,Y,,2026-06-03 12:46:02.974607,,N
SIZ_000188,644x303,644.00,303.00,,,,,,,N,Y,,2026-06-03 12:46:02.974607,,N
SIZ_000189,638x297,,,638.00,297.00,,,,,N,Y,,2026-06-03 12:46:02.974607,,N
SIZ_000190,646x303,646.00,303.00,,,,,,,N,Y,,2026-06-03 12:46:02.974607,,N
SIZ_000191,225x193,225.00,193.00,,,,,,,N,Y,,2026-06-03 12:46:02.974607,,N
SIZ_000192,238x262,238.00,262.00,,,,,,,N,Y,,2026-06-03 12:46:02.974607,,N
SIZ_000193,262x238,262.00,238.00,,,,,,,N,Y,,2026-06-03 12:46:02.974607,,N
SIZ_000194,510x387,510.00,387.00,,,,,,,N,Y,,2026-06-03 12:46:02.974607,,N
SIZ_000195,313x400,313.00,400.00,,,,,,,N,Y,,2026-06-03 12:46:02.974607,,N
SIZ_000196,A6(105x148mm),105.00,148.00,105.00,148.00,,,,,N,Y,,2026-06-03 12:46:02.974607,2026-06-17 07:47:50.713627,Y
SIZ_000197,A2(420x594mm),420.00,594.00,420.00,594.00,,,,,N,Y,,2026-06-03 12:46:02.974607,2026-06-04 08:42:54.234316,N
SIZ_000198,A2 (420X594),420.00,594.00,420.00,594.00,,,,,Y,Y,,2026-06-03 12:46:02.974607,2026-06-16 19:47:21.844387,N
SIZ_000199,400x600,400.00,600.00,400.00,600.00,,,,,N,Y,,2026-06-03 12:46:02.974607,,N
SIZ_000200,104x144,104.00,144.00,,,,,,,N,Y,,2026-06-03 12:46:02.974607,,N
SIZ_000201,128x190,128.00,190.00,,,,,,,N,Y,,2026-06-03 12:46:02.974607,,N
SIZ_000202,94x194,94.00,194.00,,,,,,,N,Y,,2026-06-03 12:46:02.974607,,N
SIZ_000203,72x46,72.00,46.00,72.00,46.00,,,,,N,Y,,2026-06-03 12:46:02.974607,,N
SIZ_000204,79x43,79.00,43.00,79.00,43.00,,,,,N,Y,,2026-06-03 12:46:02.974607,,N
SIZ_000205,77x53,77.00,53.00,77.00,53.00,,,,,N,Y,,2026-06-03 12:46:02.974607,,N
SIZ_000206,91x35,91.00,35.00,91.00,35.00,,,,,N,Y,,2026-06-03 12:46:02.974607,,N
SIZ_000207,73x40,73.00,40.00,73.00,40.00,,,,,N,Y,,2026-06-03 12:46:02.974607,,N
SIZ_000208,83x45,83.00,45.00,83.00,45.00,,,,,N,Y,,2026-06-03 12:46:02.974607,,N
SIZ_000209,93x50,93.00,50.00,93.00,50.00,,,,,N,Y,,2026-06-03 12:46:02.974607,,N
SIZ_000210,55x55,55.00,55.00,55.00,55.00,,,,,N,Y,,2026-06-03 12:46:02.974607,,N
SIZ_000211,70x70,70.00,70.00,70.00,70.00,,,,,N,Y,,2026-06-03 12:46:02.974607,,N
SIZ_000212,정사각10x10mm(8EA),10.00,10.00,10.00,10.00,,,,,N,Y,,2026-06-03 12:46:02.974607,2026-06-04 08:42:54.234316,N
SIZ_000213,정사각15x15mm(8EA),15.00,15.00,15.00,15.00,,,,,N,Y,,2026-06-03 12:46:02.974607,2026-06-04 08:42:54.234316,N
SIZ_000214,정사각20x20mm(6EA),20.00,20.00,20.00,20.00,,,,,N,Y,,2026-06-03 12:46:02.974607,2026-06-04 08:42:54.234316,N
SIZ_000215,정사각25x25mm(3EA),25.00,25.00,25.00,25.00,,,,,N,Y,,2026-06-03 12:46:02.974607,2026-06-04 08:42:54.234316,N
SIZ_000216,정사각30x30mm(2EA),30.00,30.00,30.00,30.00,,,,,N,Y,,2026-06-03 12:46:02.974607,2026-06-04 08:42:54.234316,N
SIZ_000217,정사각35x35mm(2EA),35.00,35.00,35.00,35.00,,,,,N,Y,,2026-06-03 12:46:02.974607,2026-06-04 08:42:54.234316,N
SIZ_000218,정사각40x40mm(2EA),40.00,40.00,40.00,40.00,,,,,N,Y,,2026-06-03 12:46:02.974607,2026-06-04 08:42:54.234316,N
SIZ_000219,정사각45x45mm(1EA),45.00,45.00,45.00,45.00,,,,,N,Y,,2026-06-03 12:46:02.974607,2026-06-04 08:42:54.234316,N
SIZ_000220,정사각50x50mm(1EA),50.00,50.00,50.00,50.00,,,,,N,Y,,2026-06-03 12:46:02.974607,2026-06-04 08:42:54.234316,N
SIZ_000221,정사각55x55mm(1EA),55.00,55.00,55.00,55.00,,,,,N,Y,,2026-06-03 12:46:02.974607,2026-06-04 08:42:54.234316,N
SIZ_000222,정사각60x60mm(1EA),60.00,60.00,60.00,60.00,,,,,N,Y,,2026-06-03 12:46:02.974607,2026-06-04 08:42:54.234316,N
SIZ_000223,정사각90x90mm(1EA),90.00,90.00,90.00,90.00,,,,,N,Y,,2026-06-03 12:46:02.974607,2026-06-04 08:42:54.234316,N
SIZ_000224,직사각35x25mm(2EA),35.00,25.00,35.00,25.00,,,,,N,Y,,2026-06-03 12:46:02.974607,2026-06-04 08:42:54.234316,N
SIZ_000225,45x63,45.00,63.00,45.00,63.00,,,,,N,Y,,2026-06-03 12:46:02.974607,,N
SIZ_000226,직사각40x30mm(2EA),40.00,30.00,40.00,30.00,,,,,N,Y,,2026-06-03 12:46:02.974607,2026-06-04 08:42:54.234316,N
SIZ_000227,73x50,73.00,50.00,73.00,50.00,,,,,N,Y,,2026-06-03 12:46:02.974607,,N
SIZ_000228,직사각42x20mm(2EA),42.00,20.00,42.00,20.00,,,,,N,Y,,2026-06-03 12:46:02.974607,2026-06-04 08:42:54.234316,N
SIZ_000229,52x53,52.00,53.00,52.00,53.00,,,,,N,Y,,2026-06-03 12:46:02.974607,,N
SIZ_000230,직사각50x20mm(2EA),50.00,20.00,50.00,20.00,,,,,N,Y,,2026-06-03 12:46:02.974607,2026-06-04 08:42:54.234316,N
SIZ_000231,60x53,60.00,53.00,60.00,53.00,,,,,N,Y,,2026-06-03 12:46:02.974607,,N
SIZ_000232,직사각50x30mm(2EA),50.00,30.00,50.00,30.00,,,,,N,Y,,2026-06-03 12:46:02.974607,2026-06-04 08:42:54.234316,N
SIZ_000233,60x73,60.00,73.00,60.00,73.00,,,,,N,Y,,2026-06-03 12:46:02.974607,,N
SIZ_000234,직사각55x15mm(2EA),55.00,15.00,55.00,15.00,,,,,N,Y,,2026-06-03 12:46:02.974607,2026-06-04 08:42:54.234316,N
SIZ_000235,65x43,65.00,43.00,65.00,43.00,,,,,N,Y,,2026-06-03 12:46:02.974607,,N
SIZ_000236,직사각55x20mm(2EA),55.00,20.00,55.00,20.00,,,,,N,Y,,2026-06-03 12:46:02.974607,2026-06-04 08:42:54.234316,N
SIZ_000237,65x53,65.00,53.00,65.00,53.00,,,,,N,Y,,2026-06-03 12:46:02.974607,,N
SIZ_000238,직사각55x24mm(2EA),55.00,24.00,55.00,24.00,,,,,N,Y,,2026-06-03 12:46:02.974607,2026-06-04 08:42:54.234316,N
SIZ_000239,65x61,65.00,61.00,65.00,61.00,,,,,N,Y,,2026-06-03 12:46:02.974607,,N
SIZ_000240,직사각55x33mm(2EA),55.00,33.00,55.00,33.00,,,,,N,Y,,2026-06-03 12:46:02.974607,2026-06-04 08:42:54.234316,N
SIZ_000241,65x79,65.00,79.00,65.00,79.00,,,,,N,Y,,2026-06-03 12:46:02.974607,,N
SIZ_000242,직사각90x40mm(2EA),90.00,40.00,90.00,40.00,,,,,N,Y,,2026-06-03 12:46:02.974607,2026-06-04 08:42:54.234316,N
SIZ_000243,100x50,100.00,50.00,100.00,50.00,,,,,N,Y,,2026-06-03 12:46:02.974607,,N
SIZ_000244,직사각90x50mm(1EA),90.00,50.00,90.00,50.00,,,,,N,Y,,2026-06-03 12:46:02.974607,2026-06-04 08:42:54.234316,N
SIZ_000245,직사각90x60mm(1EA),90.00,60.00,90.00,60.00,,,,,N,Y,,2026-06-03 12:46:02.974607,2026-06-04 08:42:54.234316,N
SIZ_000246,100x70,100.00,70.00,100.00,70.00,,,,,N,Y,,2026-06-03 12:46:02.974607,,N
SIZ_000247,직사각90x70mm(1EA),90.00,70.00,90.00,70.00,,,,,N,Y,,2026-06-03 12:46:02.974607,2026-06-04 08:42:54.234316,N
SIZ_000248,100x80,100.00,80.00,100.00,80.00,,,,,N,Y,,2026-06-03 12:46:02.974607,,N
SIZ_000249,직사각90x80mm(1EA),90.00,80.00,90.00,80.00,,,,,N,Y,,2026-06-03 12:46:02.974607,2026-06-04 08:42:54.234316,N
SIZ_000250,150x214,150.00,214.00,,,,,,,N,Y,,2026-06-03 12:46:02.974607,,N
SIZ_000251,300x214,300.00,214.00,,,,,,,N,Y,,2026-06-03 12:46:02.974607,,N
SIZ_000252,213x303,213.00,303.00,,,,,,,N,Y,,2026-06-03 12:46:02.974607,,N
SIZ_000253,A5(210x148mm),210.00,148.00,210.00,148.00,,,,,N,Y,,2026-06-03 12:46:02.974607,2026-06-17 07:47:50.713627,Y
SIZ_000254,214x150,214.00,150.00,,,,,,,N,Y,,2026-06-03 12:46:02.974607,,N
SIZ_000255,A4(297x210mm),297.00,210.00,297.00,210.00,,,,,N,Y,,2026-06-03 12:46:02.974607,2026-06-17 07:47:50.713627,Y
SIZ_000256,303x213,303.00,213.00,,,,,,,N,Y,,2026-06-03 12:46:02.974607,,N
SIZ_000257,210x150,210.00,150.00,210.00,150.00,,,,,N,Y,,2026-06-03 12:46:02.974607,,N
SIZ_000258,A4,210.00,297.00,210.00,297.00,,,,,N,Y,,2026-06-03 12:46:02.974607,2026-06-04 08:42:54.234316,N
SIZ_000259,611x374,611.00,374.00,,,,,,,N,Y,,2026-06-03 12:46:02.974607,,N
SIZ_000260,622x374,622.00,374.00,,,,,,,N,Y,,2026-06-03 12:46:02.974607,,N
SIZ_000261,636x374,636.00,374.00,,,,,,,N,Y,,2026-06-03 12:46:02.974607,,N
SIZ_000262,218x160,218.00,160.00,,,,,,,N,Y,,2026-06-03 12:46:02.974607,,N
SIZ_000263,152x102,152.00,102.00,,,,,,,N,Y,,2026-06-03 12:46:02.974607,,N
SIZ_000264,318x110,318.00,110.00,,,,,,,N,Y,,2026-06-03 12:46:02.974607,,N
SIZ_000265,288x145,288.00,145.00,,,,,,,N,Y,,2026-06-03 12:46:02.974607,,N
SIZ_000266,70x120,70.00,120.00,70.00,120.00,,,,,N,Y,,2026-06-03 12:46:02.974607,2026-06-04 08:42:54.234316,N
SIZ_000267,74x124,74.00,124.00,,,,,,,N,Y,,2026-06-03 12:46:02.974607,,N
SIZ_000268,72x120,,,72.00,120.00,,,,,N,Y,,2026-06-03 12:46:02.974607,,N
SIZ_000269,8x8(200x200mm),200.00,200.00,200.00,200.00,,,,,N,Y,,2026-06-03 12:46:02.974607,2026-06-04 08:42:54.234316,N
SIZ_000270,203x203,203.00,203.00,,,,,,,N,Y,,2026-06-03 12:46:02.974607,,N
SIZ_000271,201x199,,,201.00,199.00,,,,,N,Y,,2026-06-03 12:46:02.974607,,N
SIZ_000272,460x235,460.00,235.00,,,,,,,N,Y,,2026-06-03 12:46:02.974607,,N
SIZ_000273,420x213,420.00,213.00,,,,,,,N,Y,,2026-06-03 12:46:02.974607,,N
SIZ_000274,10x10(250x250mm),250.00,250.00,250.00,250.00,,,,,N,Y,,2026-06-03 12:46:02.974607,2026-06-04 08:42:54.234316,N
SIZ_000275,254x254,254.00,254.00,,,,,,,N,Y,,2026-06-03 12:46:02.974607,,N
SIZ_000276,252x250,,,252.00,250.00,,,,,N,Y,,2026-06-03 12:46:02.974607,,N
SIZ_000277,556x285,556.00,285.00,,,,,,,N,Y,,2026-06-03 12:46:02.974607,,N
SIZ_000278,352x248,352.00,248.00,,,,,,,N,Y,,2026-06-03 12:46:02.974607,,N
SIZ_000279,314x224,314.00,224.00,,,,,,,N,Y,,2026-06-03 12:46:02.974607,,N
SIZ_000280,472x334,472.00,334.00,,,,,,,N,Y,,2026-06-03 12:46:02.974607,,N
SIZ_000281,440x313,440.00,313.00,,,,,,,N,Y,,2026-06-03 12:46:02.974607,,N
SIZ_000282,224x149,224.00,149.00,,,,,,,N,Y,,2026-06-03 12:46:02.974607,2026-06-07 00:25:09.022047,Y
SIZ_000283,134x224,134.00,224.00,,,,,,,N,Y,,2026-06-03 12:46:02.974607,2026-06-07 00:25:09.022047,Y
SIZ_000284,94x104,94.00,104.00,,,,,,,N,Y,,2026-06-03 12:46:02.974607,2026-06-07 00:25:09.022047,Y
SIZ_000285,152x64,152.00,64.00,,,,,,,N,Y,,2026-06-03 12:46:02.974607,2026-06-07 00:25:09.022047,Y
SIZ_000286,149x149,149.00,149.00,,,,,,,N,Y,,2026-06-03 12:46:02.974607,2026-06-07 00:25:09.022047,Y
SIZ_000287,224x134,224.00,134.00,,,,,,,N,Y,,2026-06-03 12:46:02.974607,2026-06-07 00:25:09.022047,Y
SIZ_000288,149x304,149.00,304.00,,,,,,,N,Y,,2026-06-03 12:46:02.974607,2026-06-07 00:25:09.022047,Y
SIZ_000289,214x301,214.00,301.00,,,,,,,N,Y,,2026-06-03 12:46:02.974607,2026-06-07 00:25:09.022047,Y
SIZ_000290,214x424,214.00,424.00,,,,,,,N,Y,,2026-06-03 12:46:02.974607,2026-06-07 00:25:09.022047,Y
SIZ_000291,304x424,304.00,424.00,,,,,,,N,Y,,2026-06-03 12:46:02.974607,2026-06-07 00:25:09.022047,Y
SIZ_000292,304x629,304.00,629.00,,,,,,,N,Y,,2026-06-03 12:46:02.974607,,N
SIZ_000293,A1(594x841mm),594.00,841.00,594.00,841.00,,,,,N,Y,,2026-06-03 12:46:02.974607,2026-06-17 07:47:50.713627,Y
SIZ_000294,A1 (594X841),594.00,841.00,594.00,841.00,,,,,Y,Y,,2026-06-03 12:46:02.974607,2026-06-16 19:47:21.844387,N
SIZ_000295,A3세로(297x420mm),297.00,420.00,297.00,420.00,,,,,N,Y,,2026-06-03 12:46:02.974607,2026-06-17 07:47:50.713627,Y
SIZ_000296,A3가로(420x297mm),420.00,297.00,420.00,297.00,,,,,N,Y,,2026-06-03 12:46:02.974607,2026-06-17 07:47:50.713627,Y
SIZ_000297,A2세로(420x594mm),420.00,594.00,420.00,594.00,,,,,N,Y,,2026-06-03 12:46:02.974607,2026-06-17 07:47:50.713627,Y
SIZ_000298,A2가로(594x420mm),594.00,420.00,594.00,420.00,,,,,N,Y,,2026-06-03 12:46:02.974607,2026-06-17 07:47:50.713627,Y
SIZ_000299,594x420,594.00,420.00,594.00,420.00,,,,,N,Y,,2026-06-03 12:46:02.974607,,N
SIZ_000300,A1세로(594x841mm),594.00,841.00,594.00,841.00,,,,,N,Y,,2026-06-03 12:46:02.974607,2026-06-17 07:47:50.713627,Y
SIZ_000301,A1가로(841x594mm),841.00,594.00,841.00,594.00,,,,,N,Y,,2026-06-03 12:46:02.974607,2026-06-17 07:47:50.713627,Y
SIZ_000302,841x594,841.00,594.00,841.00,594.00,,,,,N,Y,,2026-06-03 12:46:02.974607,,N
SIZ_000303,426x600,426.00,600.00,,,,,,,N,Y,,2026-06-03 12:46:02.974607,,N
SIZ_000304,5x5(127x127mm),127.00,127.00,127.00,127.00,,,,,N,Y,,2026-06-03 12:46:02.974607,2026-06-04 08:42:54.234316,N
SIZ_000305,207x207,207.00,207.00,,,,,,,N,Y,,2026-06-03 12:46:02.974607,,N
SIZ_000306,5x7(127x178mm),127.00,178.00,127.00,178.00,,,,,N,Y,,2026-06-03 12:46:02.974607,2026-06-04 08:42:54.234316,N
SIZ_000307,207x258,207.00,258.00,,,,,,,N,Y,,2026-06-03 12:46:02.974607,,N
SIZ_000308,8x8(203x203mm),203.00,203.00,203.00,203.00,,,,,N,Y,,2026-06-03 12:46:02.974607,2026-06-04 08:42:54.234316,N
SIZ_000309,283x283,283.00,283.00,,,,,,,N,Y,,2026-06-03 12:46:02.974607,,N
SIZ_000310,8x10(203x254mm),203.00,254.00,203.00,254.00,,,,,N,Y,,2026-06-03 12:46:02.974607,2026-06-04 08:42:54.234316,N
SIZ_000311,283x334,283.00,334.00,,,,,,,N,Y,,2026-06-03 12:46:02.974607,,N
SIZ_000312,290x377,290.00,377.00,,,,,,,N,Y,,2026-06-03 12:46:02.974607,,N
SIZ_000313,377x500,377.00,500.00,,,,,,,N,Y,,2026-06-03 12:46:02.974607,,N
SIZ_000314,210x347,210.00,347.00,210.00,347.00,,,,,N,Y,,2026-06-03 12:46:02.974607,,N
SIZ_000315,A3,297.00,420.00,297.00,420.00,,,,,N,Y,,2026-06-03 12:46:02.974607,2026-06-04 08:42:54.234316,N
SIZ_000316,297x470,297.00,470.00,297.00,470.00,,,,,N,Y,,2026-06-03 12:46:02.974607,,N
SIZ_000317,A2,420.00,594.00,420.00,594.00,,,,,N,Y,,2026-06-03 12:46:02.974607,2026-06-04 08:42:54.234316,N
SIZ_000318,420x644,420.00,644.00,420.00,644.00,,,,,N,Y,,2026-06-03 12:46:02.974607,,N
SIZ_000319,300x600,300.00,600.00,300.00,600.00,,,,,N,Y,,2026-06-03 12:46:02.974607,,N
SIZ_000320,900x1200,900.00,1200.00,900.00,1200.00,,,,,N,Y,,2026-06-03 12:46:02.974607,,N
SIZ_000321,600x1800,600.00,1800.00,600.00,1800.00,,,,,N,Y,,2026-06-03 12:46:02.974607,,N
SIZ_000322,5000x900,5000.00,900.00,5000.00,900.00,,,,,N,Y,,2026-06-03 12:46:02.974607,,N
SIZ_000323,900x900,900.00,900.00,900.00,900.00,,,,,N,Y,,2026-06-03 12:46:02.974607,,N
SIZ_000324,290x90,290.00,90.00,290.00,90.00,,,,,N,Y,,2026-06-03 12:46:02.974607,,N
SIZ_000325,290x190,290.00,190.00,290.00,190.00,,,,,N,Y,,2026-06-03 12:46:02.974607,,N
SIZ_000326,390x290,390.00,290.00,390.00,290.00,,,,,N,Y,,2026-06-03 12:46:02.974607,,N
SIZ_000327,590x390,590.00,390.00,590.00,390.00,,,,,N,Y,,2026-06-03 12:46:02.974607,,N
SIZ_000328,180x420,180.00,420.00,180.00,420.00,,,,,N,Y,,2026-06-03 12:46:02.974607,,N
SIZ_000329,20x30,20.00,30.00,20.00,30.00,,,,,N,Y,,2026-06-03 12:46:02.974607,,N
SIZ_000330,30x30,30.00,30.00,30.00,30.00,,,,,N,Y,,2026-06-03 12:46:02.974607,,N
SIZ_000331,30x40,30.00,40.00,30.00,40.00,,,,,N,Y,,2026-06-03 12:46:02.974607,,N
SIZ_000332,30x70,30.00,70.00,30.00,70.00,,,,,N,Y,,2026-06-03 12:46:02.974607,,N
SIZ_000333,40x40,40.00,40.00,40.00,40.00,,,,,N,Y,,2026-06-03 12:46:02.974607,,N
SIZ_000334,40x50,40.00,50.00,40.00,50.00,,,,,N,Y,,2026-06-03 12:46:02.974607,,N
SIZ_000335,40x60,40.00,60.00,40.00,60.00,,,,,N,Y,,2026-06-03 12:46:02.974607,,N
SIZ_000336,20x20,,,20.00,20.00,,,,,N,Y,,2026-06-03 12:46:02.974607,,N
SIZ_000337,24x24,24.00,24.00,,,,,,,N,Y,,2026-06-03 12:46:02.974607,,N
SIZ_000338,34x34,34.00,34.00,,,,,,,N,Y,,2026-06-03 12:46:02.974607,,N
SIZ_000339,34x44,34.00,44.00,,,,,,,N,Y,,2026-06-03 12:46:02.974607,,N
SIZ_000340,44x44,44.00,44.00,,,,,,,N,Y,,2026-06-03 12:46:02.974607,,N
SIZ_000341,44x54,44.00,54.00,,,,,,,N,Y,,2026-06-03 12:46:02.974607,,N
SIZ_000342,54x54,54.00,54.00,,,,,,,N,Y,,2026-06-03 12:46:02.974607,,N
SIZ_000343,64x64,64.00,64.00,,,,,,,N,Y,,2026-06-03 12:46:02.974607,,N
SIZ_000344,70x60,,,70.00,60.00,,,,,N,Y,,2026-06-03 12:46:02.974607,,N
SIZ_000345,74x64,74.00,64.00,,,,,,,N,Y,,2026-06-03 12:46:02.974607,,N
SIZ_000346,60x20,,,60.00,20.00,,,,,N,Y,,2026-06-03 12:46:02.974607,,N
SIZ_000347,64x24,64.00,24.00,,,,,,,N,Y,,2026-06-03 12:46:02.974607,,N
SIZ_000348,70x25,,,70.00,25.00,,,,,N,Y,,2026-06-03 12:46:02.974607,,N
SIZ_000349,74x29,74.00,29.00,,,,,,,N,Y,,2026-06-03 12:46:02.974607,,N
SIZ_000350,80x30,,,80.00,30.00,,,,,N,Y,,2026-06-03 12:46:02.974607,,N
SIZ_000351,84x34,84.00,34.00,,,,,,,N,Y,,2026-06-03 12:46:02.974607,,N
SIZ_000352,15x15,15.00,15.00,15.00,15.00,,,,,N,Y,,2026-06-03 12:46:02.974607,2026-06-04 08:42:54.234316,N
SIZ_000353,25x25,25.00,25.00,25.00,25.00,,,,,N,Y,,2026-06-03 12:46:02.974607,2026-06-04 08:42:54.234316,N
SIZ_000354,35x35,35.00,35.00,35.00,35.00,,,,,N,Y,,2026-06-03 12:46:02.974607,2026-06-04 08:42:54.234316,N
SIZ_000355,100x100mm원형,100.00,100.00,100.00,100.00,,,,,N,Y,,2026-06-03 12:46:02.974607,2026-06-04 08:42:54.234316,N
SIZ_000356,100x100mm사각,100.00,100.00,100.00,100.00,,,,,N,Y,,2026-06-03 12:46:02.974607,2026-06-04 08:42:54.234316,N
SIZ_000357,120x60,120.00,60.00,120.00,60.00,,,,,N,Y,,2026-06-03 12:46:02.974607,,N
SIZ_000358,120x90,120.00,90.00,120.00,90.00,,,,,N,Y,,2026-06-03 12:46:02.974607,,N
SIZ_000359,120x120,120.00,120.00,120.00,120.00,,,,,N,Y,,2026-06-03 12:46:02.974607,,N
SIZ_000360,120x150,120.00,150.00,120.00,150.00,,,,,N,Y,,2026-06-03 12:46:02.974607,,N
SIZ_000361,120x180,120.00,180.00,120.00,180.00,,,,,N,Y,,2026-06-03 12:46:02.974607,,N
SIZ_000362,124x124,124.00,124.00,,,,,,,N,Y,,2026-06-03 12:46:02.974607,,N
SIZ_000363,124x184,124.00,184.00,,,,,,,N,Y,,2026-06-03 12:46:02.974607,,N
SIZ_000364,68x103,68.00,103.00,68.00,103.00,,,,,N,Y,,2026-06-03 12:46:02.974607,2026-06-04 08:42:54.234316,N
SIZ_000365,120x50,120.00,50.00,120.00,50.00,,,,,N,Y,,2026-06-03 12:46:02.974607,,N
SIZ_000366,40x69mm자물쇠,40.00,69.00,40.00,69.00,,,,,N,Y,,2026-06-03 12:46:02.974607,2026-06-04 08:42:54.234316,N
SIZ_000367,43x71mm하트자물쇠,43.00,71.00,43.00,71.00,,,,,N,Y,,2026-06-03 12:46:02.974607,2026-06-04 08:42:54.234316,N
SIZ_000368,59x54mm하트,59.00,54.00,59.00,54.00,,,,,N,Y,,2026-06-03 12:46:02.974607,2026-06-04 08:42:54.234316,N
SIZ_000369,68x70mm원형,68.00,70.00,68.00,70.00,,,,,N,Y,,2026-06-03 12:46:02.974607,2026-06-04 08:42:54.234316,N
SIZ_000370,60x70,60.00,70.00,60.00,70.00,,,,,N,Y,,2026-06-03 12:46:02.974607,2026-06-04 08:42:54.234316,N
SIZ_000371,60x80,60.00,80.00,60.00,80.00,,,,,N,Y,,2026-06-03 12:46:02.974607,2026-06-04 08:42:54.234316,N
SIZ_000372,60x90,60.00,90.00,60.00,90.00,,,,,N,Y,,2026-06-03 12:46:02.974607,2026-06-04 08:42:54.234316,N
SIZ_000373,60x100,60.00,100.00,60.00,100.00,,,,,N,Y,,2026-06-03 12:46:02.974607,2026-06-04 08:42:54.234316,N
SIZ_000374,60x110,60.00,110.00,60.00,110.00,,,,,N,Y,,2026-06-03 12:46:02.974607,2026-06-04 08:42:54.234316,N
SIZ_000375,130x190,130.00,190.00,130.00,190.00,,,,,N,Y,,2026-06-03 12:46:02.974607,2026-06-04 08:42:54.234316,N
SIZ_000376,150x216,150.00,216.00,,,,,,,N,Y,,2026-06-03 12:46:02.974607,,N
SIZ_000377,90x145,90.00,145.00,90.00,145.00,,,,,N,Y,,2026-06-03 12:46:02.974607,2026-06-04 08:42:54.234316,N
SIZ_000378,94x149,94.00,149.00,,,,,,,N,Y,,2026-06-03 12:46:02.974607,,N
SIZ_000379,144x206,144.00,206.00,144.00,206.00,,,,,N,Y,,2026-06-03 12:46:02.974607,2026-06-04 08:42:54.234316,N
SIZ_000380,B5 (182X257),182.00,257.00,182.00,257.00,,,,,N,Y,,2026-06-03 12:46:02.974607,2026-06-16 19:47:21.844387,N
SIZ_000381,186x261,186.00,261.00,,,,,,,N,Y,,2026-06-03 12:46:02.974607,,N
SIZ_000382,216x154,216.00,154.00,,,,,,,N,Y,,2026-06-03 12:46:02.974607,,N
SIZ_000383,57x91,57.00,91.00,,,,,,,N,Y,,2026-06-03 12:46:02.974607,,N
SIZ_000384,S(75x130mm),75.00,130.00,75.00,130.00,,,,,N,Y,,2026-06-03 12:46:02.974607,2026-06-04 08:42:54.234316,N
SIZ_000385,85x140,85.00,140.00,,,,,,,N,Y,,2026-06-03 12:46:02.974607,,N
SIZ_000386,M(95x166mm),95.00,166.00,95.00,166.00,,,,,N,Y,,2026-06-03 12:46:02.974607,2026-06-04 08:42:54.234316,N
SIZ_000387,105x176,105.00,176.00,,,,,,,N,Y,,2026-06-03 12:46:02.974607,,N
SIZ_000388,L(120x218mm),120.00,218.00,120.00,218.00,,,,,N,Y,,2026-06-03 12:46:02.974607,2026-06-04 08:42:54.234316,N
SIZ_000389,130x228,130.00,228.00,,,,,,,N,Y,,2026-06-03 12:46:02.974607,,N
SIZ_000390,112x112,112.00,112.00,,,,,,,N,Y,,2026-06-03 12:46:02.974607,,N
SIZ_000391,110x110,110.00,110.00,,,,,,,N,Y,,2026-06-03 12:46:02.974607,,N
SIZ_000392,190x80,190.00,80.00,,,,,,,N,Y,,2026-06-03 12:46:02.974607,,N
SIZ_000393,94x193,94.00,193.00,,,,,,,N,Y,,2026-06-03 12:46:02.974607,,N
SIZ_000394,110x185,110.00,185.00,,,,,,,N,Y,,2026-06-03 12:46:02.974607,,N
SIZ_000395,290x290,290.00,290.00,,,,,,,N,Y,,2026-06-03 12:46:02.974607,,N
SIZ_000396,45x45cm,450.00,450.00,450.00,450.00,,,,,N,Y,,2026-06-03 12:46:02.974607,2026-06-04 08:42:54.234316,N
SIZ_000397,450x450,450.00,450.00,,,,,,,N,Y,,2026-06-03 12:46:02.974607,,N
SIZ_000398,280x200,280.00,200.00,,,,,,,N,Y,,2026-06-03 12:46:02.974607,,N
SIZ_000399,100x70cm(1인용),1000.00,700.00,1000.00,700.00,,,,,N,Y,,2026-06-03 12:46:02.974607,2026-06-17 14:19:49.955384,N
SIZ_000400,1000x700,1000.00,700.00,,,,,,,N,Y,,2026-06-03 12:46:02.974607,,N
SIZ_000401,320x860,320.00,860.00,,,,,,,N,Y,,2026-06-03 12:46:02.974607,,N
SIZ_000402,100x150cm(2인용),1000.00,1500.00,1000.00,1500.00,,,,,N,Y,,2026-06-03 12:46:02.974607,2026-06-17 14:18:31.389172,N
SIZ_000403,1500x1000,1500.00,1000.00,,,,,,,N,Y,,2026-06-03 12:46:02.974607,,N
SIZ_000404,30x124,30.00,124.00,,,,,,,N,Y,,2026-06-03 12:46:02.974607,,N
SIZ_000405,30x215,30.00,215.00,,,,,,,N,Y,,2026-06-03 12:46:02.974607,,N
SIZ_000406,2x2구,2.00,2.00,2.00,2.00,,,,,N,Y,,2026-06-03 12:46:02.974607,2026-06-04 08:42:54.234316,N
SIZ_000407,65x100,65.00,100.00,,,,,,,N,Y,,2026-06-03 12:46:02.974607,,N
SIZ_000408,205x292,205.00,292.00,,,,,,,N,Y,,2026-06-03 12:46:02.974607,,N
SIZ_000409,240x182,240.00,182.00,,,,,,,N,Y,,2026-06-03 12:46:02.974607,,N
SIZ_000410,715x315,715.00,315.00,,,,,,,N,Y,,2026-06-03 12:46:02.974607,,N
SIZ_000411,160x153,160.00,153.00,,,,,,,N,Y,,2026-06-03 12:46:02.974607,,N
SIZ_000412,81x105,81.00,105.00,,,,,,,N,Y,,2026-06-03 12:46:02.974607,,N
SIZ_000413,A5용(164x230mm),164.00,230.00,164.00,230.00,,,,,N,Y,,2026-06-03 12:46:02.974607,2026-06-04 08:42:54.234316,N
SIZ_000414,416x274,416.00,274.00,,,,,,,N,Y,,2026-06-03 12:46:02.974607,,N
SIZ_000415,A4용(230x330mm),230.00,330.00,230.00,330.00,,,,,N,Y,,2026-06-03 12:46:02.974607,2026-06-04 08:42:54.234316,N
SIZ_000416,528x364,528.00,364.00,,,,,,,N,Y,,2026-06-03 12:46:02.974607,,N
SIZ_000417,160x230,160.00,230.00,,,,,,,N,Y,,2026-06-03 12:46:02.974607,,N
SIZ_000418,230x330,230.00,330.00,,,,,,,N,Y,,2026-06-03 12:46:02.974607,,N
SIZ_000419,원형13x13,13.00,13.00,13.00,13.00,,,,,N,Y,,2026-06-03 12:46:02.974607,2026-06-04 08:42:54.234316,N
SIZ_000420,원형19x19,19.00,19.00,19.00,19.00,,,,,N,Y,,2026-06-03 12:46:02.974607,2026-06-04 08:42:54.234316,N
SIZ_000421,원형24x24,24.00,24.00,24.00,24.00,,,,,N,Y,,2026-06-03 12:46:02.974607,2026-06-04 08:42:54.234316,N
SIZ_000422,원형35x35,35.00,35.00,35.00,35.00,,,,,N,Y,,2026-06-03 12:46:02.974607,2026-06-04 08:42:54.234316,N
SIZ_000423,사각30x30,30.00,30.00,30.00,30.00,,,,,N,Y,,2026-06-03 12:46:02.974607,2026-06-04 08:42:54.234316,N
SIZ_000424,사각67x32,67.00,32.00,67.00,32.00,,,,,N,Y,,2026-06-03 12:46:02.974607,2026-06-04 08:42:54.234316,N
SIZ_000425,사각78x28,78.00,28.00,78.00,28.00,,,,,N,Y,,2026-06-03 12:46:02.974607,2026-06-04 08:42:54.234316,N
SIZ_000426,A5,148.00,210.00,148.00,210.00,,,,,N,Y,,2026-06-03 12:46:02.974607,2026-06-04 08:42:54.234316,N
SIZ_000427,45x102,45.00,102.00,,,,,,,N,Y,,2026-06-03 12:46:02.974607,,N
SIZ_000428,17x320,17.00,320.00,,,,,,,N,Y,,2026-06-03 12:46:02.974607,,N
SIZ_000429,56x166,56.00,166.00,,,,,,,N,Y,,2026-06-03 12:46:02.974607,,N
SIZ_000430,82x128,82.00,128.00,,,,,,,N,Y,,2026-06-03 12:46:02.974607,,N
SIZ_000431,74x119,74.00,119.00,,,,,,,N,Y,,2026-06-03 12:46:02.974607,,N
SIZ_000432,196x140,196.00,140.00,,,,,,,N,Y,,2026-06-03 12:46:02.974607,,N
SIZ_000433,220x300,220.00,300.00,,,,,,,N,Y,,2026-06-03 12:46:02.974607,,N
SIZ_000434,260x340,260.00,340.00,,,,,,,N,Y,,2026-06-03 12:46:02.974607,,N
SIZ_000435,220x294,220.00,294.00,,,,,,,N,Y,,2026-06-03 12:46:02.974607,,N
SIZ_000436,260x374,260.00,374.00,,,,,,,N,Y,,2026-06-03 12:46:02.974607,,N
SIZ_000437,440x160,440.00,160.00,,,,,,,N,Y,,2026-06-03 12:46:02.974607,,N
SIZ_000438,520x200,520.00,200.00,,,,,,,N,Y,,2026-06-03 12:46:02.974607,,N
SIZ_000439,240x334,240.00,334.00,,,,,,,N,Y,,2026-06-03 12:46:02.974607,,N
SIZ_000440,290x334,290.00,334.00,,,,,,,N,Y,,2026-06-03 12:46:02.974607,,N
SIZ_000441,323x210,323.00,210.00,,,,,,,N,Y,,2026-06-03 12:46:02.974607,,N
SIZ_000442,640x230,640.00,230.00,,,,,,,N,Y,,2026-06-03 12:46:02.974607,,N
SIZ_000443,640x250,640.00,250.00,,,,,,,N,Y,,2026-06-03 12:46:02.974607,,N
SIZ_000444,444x287,444.00,287.00,,,,,,,N,Y,,2026-06-03 12:46:02.974607,,N
SIZ_000445,368x544,368.00,544.00,,,,,,,N,Y,,2026-06-03 12:46:02.974607,,N
SIZ_000446,412x594,412.00,594.00,,,,,,,N,Y,,2026-06-03 12:46:02.974607,,N
SIZ_000447,260x380,260.00,380.00,,,,,,,N,Y,,2026-06-03 12:46:02.974607,,N
SIZ_000448,70x100,70.00,100.00,,,,,,,N,Y,,2026-06-03 12:46:02.974607,,N
SIZ_000449,100x40,100.00,40.00,,,,,,,N,Y,,2026-06-03 12:46:02.974607,,N
SIZ_000450,180x240,180.00,240.00,,,,,,,N,Y,,2026-06-03 12:46:02.974607,,N
SIZ_000451,220x530,220.00,530.00,,,,,,,N,Y,,2026-06-03 12:46:02.974607,,N
SIZ_000452,260x630,260.00,630.00,,,,,,,N,Y,,2026-06-03 12:46:02.974607,,N
SIZ_000453,444x155,444.00,155.00,,,,,,,N,Y,,2026-06-03 12:46:02.974607,,N
SIZ_000454,524x195,524.00,195.00,,,,,,,N,Y,,2026-06-03 12:46:02.974607,,N
SIZ_000455,744x285,744.00,285.00,,,,,,,N,Y,,2026-06-03 12:46:02.974607,,N
SIZ_000456,220x330,220.00,330.00,,,,,,,N,Y,,2026-06-03 12:46:02.974607,,N
SIZ_000457,260x390,260.00,390.00,,,,,,,N,Y,,2026-06-03 12:46:02.974607,,N
SIZ_000458,210x520,210.00,520.00,,,,,,,N,Y,,2026-06-03 12:46:02.974607,,N
SIZ_000459,250x620,250.00,620.00,,,,,,,N,Y,,2026-06-03 12:46:02.974607,,N
SIZ_000460,320x820,320.00,820.00,,,,,,,N,Y,,2026-06-03 12:46:02.974607,,N
SIZ_000461,380x454,380.00,454.00,,,,,,,N,Y,,2026-06-03 12:46:02.974607,,N
SIZ_000462,130x240,130.00,240.00,,,,,,,N,Y,,2026-06-03 12:46:02.974607,,N
SIZ_000463,130x194,130.00,194.00,,,,,,,N,Y,,2026-06-03 12:46:02.974607,,N
SIZ_000464,140x254,140.00,254.00,,,,,,,N,Y,,2026-06-03 12:46:02.974607,,N
SIZ_000465,120x220,120.00,220.00,,,,,,,N,Y,,2026-06-03 12:46:02.974607,,N
SIZ_000466,165x187,165.00,187.00,,,,,,,N,Y,,2026-06-03 12:46:02.974607,,N
SIZ_000467,200x187,200.00,187.00,,,,,,,N,Y,,2026-06-03 12:46:02.974607,,N
SIZ_000468,220x110,220.00,110.00,,,,,,,N,Y,,2026-06-03 12:46:02.974607,,N
SIZ_000469,220x190,220.00,190.00,,,,,,,N,Y,,2026-06-03 12:46:02.974607,,N
SIZ_000470,220x194,220.00,194.00,,,,,,,N,Y,,2026-06-03 12:46:02.974607,,N
SIZ_000471,220x210,220.00,210.00,,,,,,,N,Y,,2026-06-03 12:46:02.974607,,N
SIZ_000472,270x214,270.00,214.00,,,,,,,N,Y,,2026-06-03 12:46:02.974607,,N
SIZ_000473,220x234,220.00,234.00,,,,,,,N,Y,,2026-06-03 12:46:02.974607,,N
SIZ_000474,240x210,240.00,210.00,,,,,,,N,Y,,2026-06-03 12:46:02.974607,,N
SIZ_000475,330x660,330.00,660.00,,,5.00,5.00,5.00,5.00,N,Y,,2026-06-03 12:46:02.974607,2026-06-17 07:40:52.791944,N
SIZ_000476,760x440,760.00,440.00,,,,,,,N,Y,,2026-06-03 12:46:02.974607,,N
SIZ_000477,280x610,280.00,610.00,,,,,,,N,Y,,2026-06-03 12:46:02.974607,,N
SIZ_000478,380x1010,380.00,1010.00,,,,,,,N,Y,,2026-06-03 12:46:02.974607,,N
SIZ_000479,390x910,390.00,910.00,,,,,,,N,Y,,2026-06-03 12:46:02.974607,,N
SIZ_000480,430x830,430.00,830.00,,,,,,,N,Y,,2026-06-03 12:46:02.974607,,N
SIZ_000481,340x800,340.00,800.00,,,,,,,N,Y,,2026-06-03 12:46:02.974607,,N
SIZ_000482,260x300,260.00,300.00,,,,,,,N,Y,,2026-06-03 12:46:02.974607,,N
SIZ_000483,530x900,530.00,900.00,,,,,,,N,Y,,2026-06-03 12:46:02.974607,,N
SIZ_000484,320x300,320.00,300.00,,,,,,,N,Y,,2026-06-03 12:46:02.974607,,N
SIZ_000485,400x1040,400.00,1040.00,,,,,,,N,Y,,2026-06-03 12:46:02.974607,,N
SIZ_000486,220x580,220.00,580.00,,,,,,,N,Y,,2026-06-03 12:46:02.974607,,N
SIZ_000487,220x780,220.00,780.00,,,,,,,N,Y,,2026-06-03 12:46:02.974607,,N
SIZ_000488,360x580,360.00,580.00,,,,,,,N,Y,,2026-06-03 12:46:02.974607,,N
SIZ_000489,380x880,380.00,880.00,,,,,,,N,Y,,2026-06-03 12:46:02.974607,,N
SIZ_000490,380x690,380.00,690.00,,,,,,,N,Y,,2026-06-03 12:46:02.974607,,N
SIZ_000491,440x810,440.00,810.00,,,,,,,N,Y,,2026-06-03 12:46:02.974607,,N
SIZ_000492,레더15x30,15.00,30.00,15.00,30.00,,,,,N,Y,,2026-06-03 12:46:02.974607,2026-06-04 08:42:54.234316,N
SIZ_000493,50x30,50.00,30.00,,,,,,,N,Y,,2026-06-03 12:46:02.974607,,N
SIZ_000494,레더20x40,20.00,40.00,20.00,40.00,,,,,N,Y,,2026-06-03 12:46:02.974607,2026-06-04 08:42:54.234316,N
SIZ_000495,60x40,60.00,40.00,,,,,,,N,Y,,2026-06-03 12:46:02.974607,,N
SIZ_000496,레더30x50,30.00,50.00,30.00,50.00,,,,,N,Y,,2026-06-03 12:46:02.974607,2026-06-04 08:42:54.234316,N
SIZ_000497,80x50,80.00,50.00,,,,,,,N,Y,,2026-06-03 12:46:02.974607,,N
SIZ_000498,317x440,317.00,440.00,317.00,440.00,10.00,10.00,10.00,10.00,Y,Y,,2026-06-05 07:13:33.135041,,N
SIZ_000499,316x467,316.00,467.00,306.00,457.00,5.00,5.00,5.00,5.00,Y,Y,,2026-06-05 16:53:38.966165,2026-06-17 04:37:01.388441,N
SIZ_000500,165x115,165.00,115.00,,,,,,,N,Y,,2026-06-05 18:50:31.052837,,N
SIZ_000501,원형10x10,10.00,10.00,10.00,10.00,0.00,0.00,0.00,0.00,N,Y,"합판도무송/스티커 원형 직경 10mm (판당 8EA — bundle 차원, size 미인코딩). sticker 066 원형 size + GP 가격 공유 siz. round-5 자율 quick win 등록",2026-06-07 06:18:17.847282,,N
SIZ_000502,원형15x15,15.00,15.00,15.00,15.00,0.00,0.00,0.00,0.00,N,Y,"합판도무송/스티커 원형 직경 15mm (판당 8EA — bundle 차원, size 미인코딩). sticker 066 원형 size + GP 가격 공유 siz. round-5 자율 quick win 등록",2026-06-07 06:18:17.847282,,N
SIZ_000503,원형20x20,20.00,20.00,20.00,20.00,0.00,0.00,0.00,0.00,N,Y,"합판도무송/스티커 원형 직경 20mm (판당 6EA — bundle 차원, size 미인코딩). sticker 066 원형 size + GP 가격 공유 siz. round-5 자율 quick win 등록",2026-06-07 06:18:17.847282,,N
SIZ_000504,원형25x25,25.00,25.00,25.00,25.00,0.00,0.00,0.00,0.00,N,Y,"합판도무송/스티커 원형 직경 25mm (판당 3EA — bundle 차원, size 미인코딩). sticker 066 원형 size + GP 가격 공유 siz. round-5 자율 quick win 등록",2026-06-07 06:18:17.847282,,N
SIZ_000505,원형30x30,30.00,30.00,30.00,30.00,0.00,0.00,0.00,0.00,N,Y,"합판도무송/스티커 원형 직경 30mm (판당 2EA — bundle 차원, size 미인코딩). sticker 066 원형 size + GP 가격 공유 siz. round-5 자율 quick win 등록",2026-06-07 06:18:17.847282,,N
SIZ_000506,원형40x40,40.00,40.00,40.00,40.00,0.00,0.00,0.00,0.00,N,Y,"합판도무송/스티커 원형 직경 40mm (판당 2EA — bundle 차원, size 미인코딩). sticker 066 원형 size + GP 가격 공유 siz. round-5 자율 quick win 등록",2026-06-07 06:18:17.847282,,N
SIZ_000507,원형45x45,45.00,45.00,45.00,45.00,0.00,0.00,0.00,0.00,N,Y,"합판도무송/스티커 원형 직경 45mm (판당 1EA — bundle 차원, size 미인코딩). sticker 066 원형 size + GP 가격 공유 siz. round-5 자율 quick win 등록",2026-06-07 06:18:17.847282,,N
SIZ_000508,원형50x50,50.00,50.00,50.00,50.00,0.00,0.00,0.00,0.00,N,Y,"합판도무송/스티커 원형 직경 50mm (판당 1EA — bundle 차원, size 미인코딩). sticker 066 원형 size + GP 가격 공유 siz. round-5 자율 quick win 등록",2026-06-07 06:18:17.847282,,N
SIZ_000509,원형55x55,55.00,55.00,55.00,55.00,0.00,0.00,0.00,0.00,N,Y,"합판도무송/스티커 원형 직경 55mm (판당 1EA — bundle 차원, size 미인코딩). sticker 066 원형 size + GP 가격 공유 siz. round-5 자율 quick win 등록",2026-06-07 06:18:17.847282,,N
SIZ_000510,원형60x60,60.00,60.00,60.00,60.00,0.00,0.00,0.00,0.00,N,Y,"합판도무송/스티커 원형 직경 60mm (판당 1EA — bundle 차원, size 미인코딩). sticker 066 원형 size + GP 가격 공유 siz. round-5 자율 quick win 등록",2026-06-07 06:18:17.847282,2026-06-16 21:18:43.62614,N
SIZ_000511,A7 (74X105),,,74.00,105.00,,,,,N,Y,,2026-06-16 19:47:21.844387,,N
SIZ_000512,B1 (728X1030),,,728.00,1030.00,,,,,Y,Y,,2026-06-16 19:47:21.844387,,N
SIZ_000513,B2 (515X728),,,515.00,728.00,,,,,Y,Y,,2026-06-16 19:47:21.844387,,N
SIZ_000514,B3 (364X515),,,364.00,515.00,,,,,Y,Y,,2026-06-16 19:47:21.844387,,N
SIZ_000515,B4 (257X364),,,257.00,364.00,,,,,Y,Y,,2026-06-16 19:47:21.844387,,N
SIZ_000516,B6 (128X182),,,128.00,182.00,,,,,N,Y,,2026-06-16 19:47:21.844387,,N
SIZ_000517,B7 (91X128),,,91.00,128.00,,,,,N,Y,,2026-06-16 19:47:21.844387,,N
SIZ_000518,100x148,,,,,,,,,Y,Y,판걸이=8.0 / 적용=반칼스티커,2026-06-17 14:38:21.423724,,N
SIZ_000519,90x110,,,,,,,,,Y,Y,판걸이=12.0 / 적용=반칼스티커,2026-06-17 14:38:21.423724,,N
SIZ_000520,A4(210x297mm) 반칼,,,,,,,,,N,Y,판걸이=2.0 / 적용=반칼스티커(058~061) / B02 낱장 SIZ_172와 분리(반칼 전용가),2026-06-17 15:32:02.449927,,N
